OrderID,CustomerID,EmployeeID,OrderDate,RequiredDate,ShippedDate,ShipVia,Freight,ShipName,ShipAddress,ShipCity,ShipRegion,ShipPostalCode,ShipCountry
10977,FOLKO,8,"Thursday, March 26, 1998","Thursday, April 23, 1998","Friday, April 10, 1998",3,208.5,Folk och fä HB,Åkergatan 24,Bräcke,NULL,S-844 67,Sweden
10988,RATTC,3,"Tuesday, March 31, 1998","Tuesday, April 28, 1998","Friday, April 10, 1998",2,61.14,Rattlesnake Canyon Grocery,2817 Milton Dr.,Albuquerque,NM,87110,USA
10993,FOLKO,7,"Wednesday, April 1, 1998","Wednesday, April 29, 1998","Friday, April 10, 1998",3,8.81,Folk och fä HB,Åkergatan 24,Bräcke,NULL,S-844 67,Sweden
10996,QUICK,4,"Thursday, April 2, 1998","Thursday, April 30, 1998","Friday, April 10, 1998",2,1.12,QUICK-Stop,Taucherstraße 10,Cunewalde,NULL,01307,Germany
10999,OTTIK,6,"Friday, April 3, 1998","Friday, May 1, 1998","Friday, April 10, 1998",2,96.35,Ottilies Käseladen,Mehrheimerstr. 369,Köln,NULL,50739,Germany
11005,WILMK,2,"Tuesday, April 7, 1998","Tuesday, May 5, 1998","Friday, April 10, 1998",1,0.75,Wilman Kala,Keskuskatu 45,Helsinki,NULL,21240,Finland
11009,GODOS,2,"Wednesday, April 8, 1998","Wednesday, May 6, 1998","Friday, April 10, 1998",1,59.11,Godos Cocina Típica,C/ Romero 33,Sevilla,NULL,41101,Spain
11013,ROMEY,2,"Thursday, April 9, 1998","Thursday, May 7, 1998","Friday, April 10, 1998",1,32.99,Romero y tomillo,Gran Vía 1,Madrid,NULL,28001,Spain
10492,BOTTM,3,"Tuesday, April 1, 1997","Tuesday, April 29, 1997","Friday, April 11, 1997",1,62.89,Bottom-Dollar Markets,23 Tsawassen Blvd.,Tsawassen,BC,T2F 8M4,Canada
10495,LAUGB,3,"Thursday, April 3, 1997","Thursday, May 1, 1997","Friday, April 11, 1997",3,4.65,Laughing Bacchus Wine Cellars,2319 Elm St.,Vancouver,BC,V3F 2K1,Canada
10498,HILAA,8,"Monday, April 7, 1997","Monday, May 5, 1997","Friday, April 11, 1997",2,29.75,HILARION-Abastos,Carrera 22 con Ave. Carlos Soublette #8-35,San Cristóbal,Táchira,5022,Venezuela
10980,FOLKO,4,"Friday, March 27, 1998","Friday, May 8, 1998","Friday, April 17, 1998",1,1.26,Folk och fä HB,Åkergatan 24,Bräcke,NULL,S-844 67,Sweden
10998,WOLZA,8,"Friday, April 3, 1998","Friday, April 17, 1998","Friday, April 17, 1998",2,20.31,Wolski Zajazd,ul. Filtrowa 68,Warszawa,NULL,01-012,Poland
11012,FRANK,1,"Thursday, April 9, 1998","Thursday, April 23, 1998","Friday, April 17, 1998",3,242.95,Frankenversand,Berliner Platz 43,München,NULL,80805,Germany
10504,WHITC,4,"Friday, April 11, 1997","Friday, May 9, 1997","Friday, April 18, 1997",3,59.13,White Clover Markets,1029 - 12th Ave. S.,Seattle,WA,98124,USA
10970,BOLID,9,"Tuesday, March 24, 1998","Tuesday, April 7, 1998","Friday, April 24, 1998",1,16.16,Bólido Comidas preparadas,C/ Araquil 67,Madrid,NULL,28023,Spain
11023,BSBEV,1,"Tuesday, April 14, 1998","Tuesday, April 28, 1998","Friday, April 24, 1998",2,123.83,B's Beverages,Fauntleroy Circus,London,NULL,EC2 5NT,UK
11025,WARTH,6,"Wednesday, April 15, 1998","Wednesday, May 13, 1998","Friday, April 24, 1998",3,29.17,Wartian Herkku,Torikatu 38,Oulu,NULL,90110,Finland
11031,SAVEA,6,"Friday, April 17, 1998","Friday, May 15, 1998","Friday, April 24, 1998",2,227.22,Save-a-lot Markets,187 Suffolk Ln.,Boise,ID,83720,USA
11035,SUPRD,2,"Monday, April 20, 1998","Monday, May 18, 1998","Friday, April 24, 1998",2,0.17,Suprêmes délices,Boulevard Tirou 255,Charleroi,NULL,B-6000,Belgium
11046,WANDK,8,"Thursday, April 23, 1998","Thursday, May 21, 1998","Friday, April 24, 1998",2,71.64,Die Wandernde Kuh,Adenauerallee 900,Stuttgart,NULL,70563,Germany
10483,WHITC,7,"Monday, March 24, 1997","Monday, April 21, 1997","Friday, April 25, 1997",2,15.28,White Clover Markets,1029 - 12th Ave. S.,Seattle,WA,98124,USA
10974,SPLIR,3,"Wednesday, March 25, 1998","Wednesday, April 8, 1998","Friday, April 3, 1998",3,12.96,Split Rail Beer & Ale,P.O. Box 555,Lander,WY,82520,USA
10976,HILAA,1,"Wednesday, March 25, 1998","Wednesday, May 6, 1998","Friday, April 3, 1998",1,37.97,HILARION-Abastos,Carrera 22 con Ave. Carlos Soublette #8-35,San Cristóbal,Táchira,5022,Venezuela
10984,SAVEA,1,"Monday, March 30, 1998","Monday, April 27, 1998","Friday, April 3, 1998",3,211.22,Save-a-lot Markets,187 Suffolk Ln.,Boise,ID,83720,USA
10992,THEBI,1,"Wednesday, April 1, 1998","Wednesday, April 29, 1998","Friday, April 3, 1998",3,4.27,The Big Cheese,89 Jefferson Way Suite 2,Portland,OR,97201,USA
10475,SUPRD,9,"Friday, March 14, 1997","Friday, April 11, 1997","Friday, April 4, 1997",1,68.52,Suprêmes délices,Boulevard Tirou 255,Charleroi,NULL,B-6000,Belgium
10608,TOMSP,4,"Wednesday, July 23, 1997","Wednesday, August 20, 1997","Friday, August 1, 1997",2,27.79,Toms Spezialitäten,Luisenstr. 48,Münster,NULL,44087,Germany
10611,WOLZA,6,"Friday, July 25, 1997","Friday, August 22, 1997","Friday, August 1, 1997",2,80.65,Wolski Zajazd,ul. Filtrowa 68,Warszawa,NULL,01-012,Poland
10612,SAVEA,1,"Monday, July 28, 1997","Monday, August 25, 1997","Friday, August 1, 1997",2,544.08,Save-a-lot Markets,187 Suffolk Ln.,Boise,ID,83720,USA
10613,HILAA,4,"Tuesday, July 29, 1997","Tuesday, August 26, 1997","Friday, August 1, 1997",2,8.11,HILARION-Abastos,Carrera 22 con Ave. Carlos Soublette #8-35,San Cristóbal,Táchira,5022,Venezuela
10614,BLAUS,8,"Tuesday, July 29, 1997","Tuesday, August 26, 1997","Friday, August 1, 1997",3,1.93,Blauer See Delikatessen,Forsterstr. 57,Mannheim,NULL,68306,Germany
10631,LAMAI,8,"Thursday, August 14, 1997","Thursday, September 11, 1997","Friday, August 15, 1997",1,0.87,La maison d'Asie,1 rue Alsace-Lorraine,Toulouse,NULL,31000,France
10274,VINET,6,"Tuesday, August 6, 1996","Tuesday, September 3, 1996","Friday, August 16, 1996",1,6.01,Vins et alcools Chevalier,59 rue de l'Abbaye,Reims,NULL,51100,France
10278,BERGS,8,"Monday, August 12, 1996","Monday, September 9, 1996","Friday, August 16, 1996",2,92.69,Berglunds snabbköp,Berguvsvägen 8,Luleå,NULL,S-958 22,Sweden
10279,LEHMS,8,"Tuesday, August 13, 1996","Tuesday, September 10, 1996","Friday, August 16, 1996",2,25.83,Lehmanns Marktstand,Magazinweg 7,Frankfurt a.M.,NULL,60528,Germany
10268,GROSR,8,"Tuesday, July 30, 1996","Tuesday, August 27, 1996","Friday, August 2, 1996",3,66.29,GROSELLA-Restaurante,5ª Ave. Los Palos Grandes,Caracas,DF,1081,Venezuela
10270,WARTH,1,"Thursday, August 1, 1996","Thursday, August 29, 1996","Friday, August 2, 1996",1,136.54,Wartian Herkku,Torikatu 38,Oulu,NULL,90110,Finland
10264,FOLKO,6,"Wednesday, July 24, 1996","Wednesday, August 21, 1996","Friday, August 23, 1996",3,3.67,Folk och fä HB,Åkergatan 24,Bräcke,NULL,S-844 67,Sweden
10283,LILAS,3,"Friday, August 16, 1996","Friday, September 13, 1996","Friday, August 23, 1996",3,84.81,LILA-Supermercado,Carrera 52 con Ave. Bolívar #65-98 Llano Largo,Barquisimeto,Lara,3508,Venezuela
10649,MAISD,5,"Thursday, August 28, 1997","Thursday, September 25, 1997","Friday, August 29, 1997",3,6.2,Maison Dewey,Rue Joseph-Bens 532,Bruxelles,NULL,B-1180,Belgium
10271,SPLIR,6,"Thursday, August 1, 1996","Thursday, August 29, 1996","Friday, August 30, 1996",2,4.54,Split Rail Beer & Ale,P.O. Box 555,Lander,WY,82520,USA
10286,QUICK,8,"Wednesday, August 21, 1996","Wednesday, September 18, 1996","Friday, August 30, 1996",3,229.24,QUICK-Stop,Taucherstraße 10,Cunewalde,NULL,01307,Germany
10603,SAVEA,8,"Friday, July 18, 1997","Friday, August 15, 1997","Friday, August 8, 1997",2,48.77,Save-a-lot Markets,187 Suffolk Ln.,Boise,ID,83720,USA
10618,MEREP,1,"Friday, August 1, 1997","Friday, September 12, 1997","Friday, August 8, 1997",1,154.68,Mère Paillarde,43 rue St. Laurent,Montréal,Québec,H1J 1C3,Canada
10269,WHITC,5,"Wednesday, July 31, 1996","Wednesday, August 14, 1996","Friday, August 9, 1996",1,4.56,White Clover Markets,1029 - 12th Ave. S.,Seattle,WA,98124,USA
10275,MAGAA,1,"Wednesday, August 7, 1996","Wednesday, September 4, 1996","Friday, August 9, 1996",1,26.93,Magazzini Alimentari Riuniti,Via Ludovico il Moro 22,Bergamo,NULL,24100,Italy
10759,ANATR,3,"Friday, November 28, 1997","Friday, December 26, 1997","Friday, December 12, 1997",3,11.99,Ana Trujillo Emparedados y helados,Avda. de la Constitución 2222,México D.F.,NULL,05021,Mexico
10769,VAFFE,3,"Monday, December 8, 1997","Monday, January 5, 1998","Friday, December 12, 1997",1,65.06,Vaffeljernet,Smagsloget 45,Århus,NULL,8200,Denmark
10774,FOLKO,4,"Thursday, December 11, 1997","Thursday, December 25, 1997","Friday, December 12, 1997",1,48.2,Folk och fä HB,Åkergatan 24,Bräcke,NULL,S-844 67,Sweden
10376,MEREP,1,"Monday, December 9, 1996","Monday, January 6, 1997","Friday, December 13, 1996",2,20.39,Mère Paillarde,43 rue St. Laurent,Montréal,Québec,H1J 1C3,Canada
10377,SEVES,1,"Monday, December 9, 1996","Monday, January 6, 1997","Friday, December 13, 1996",3,22.21,Seven Seas Imports,90 Wadhurst Rd.,London,NULL,OX15 4NB,UK
10379,QUEDE,2,"Wednesday, December 11, 1996","Wednesday, January 8, 1997","Friday, December 13, 1996",1,45.03,Que Delícia,Rua da Panificadora 12,Rio de Janeiro,RJ,02389-673,Brazil
10381,LILAS,3,"Thursday, December 12, 1996","Thursday, January 9, 1997","Friday, December 13, 1996",3,7.99,LILA-Supermercado,Carrera 52 con Ave. Bolívar #65-98 Llano Largo,Barquisimeto,Lara,3508,Venezuela
10749,ISLAT,4,"Thursday, November 20, 1997","Thursday, December 18, 1997","Friday, December 19, 1997",2,61.53,Island Trading,Garden House Crowther Way,Cowes,Isle of Wight,PO31 7PJ,UK
10772,LEHMS,3,"Wednesday, December 10, 1997","Wednesday, January 7, 1998","Friday, December 19, 1997",2,91.28,Lehmanns Marktstand,Magazinweg 7,Frankfurt a.M.,NULL,60528,Germany
10781,WARTH,2,"Wednesday, December 17, 1997","Wednesday, January 14, 1998","Friday, December 19, 1997",3,73.16,Wartian Herkku,Torikatu 38,Oulu,NULL,90110,Finland
10783,HANAR,4,"Thursday, December 18, 1997","Thursday, January 15, 1998","Friday, December 19, 1997",2,124.98,Hanari Carnes,Rua do Paço 67,Rio de Janeiro,RJ,05454-876,Brazil
10384,BERGS,3,"Monday, December 16, 1996","Monday, January 13, 1997","Friday, December 20, 1996",3,168.64,Berglunds snabbköp,Berguvsvägen 8,Luleå,NULL,S-958 22,Sweden
10387,SANTG,1,"Wednesday, December 18, 1996","Wednesday, January 15, 1997","Friday, December 20, 1996",2,93.63,Santé Gourmet,Erling Skakkes gate 78,Stavern,NULL,4110,Norway
10388,SEVES,2,"Thursday, December 19, 1996","Thursday, January 16, 1997","Friday, December 20, 1996",1,34.86,Seven Seas Imports,90 Wadhurst Rd.,London,NULL,OX15 4NB,UK
10775,THECR,7,"Friday, December 12, 1997","Friday, January 9, 1998","Friday, December 26, 1997",1,20.25,The Cracker Box,55 Grizzly Peak Rd.,Butte,MT,59801,USA
10787,LAMAI,2,"Friday, December 19, 1997","Friday, January 2, 1998","Friday, December 26, 1997",1,249.93,La maison d'Asie,1 rue Alsace-Lorraine,Toulouse,NULL,31000,France
10790,GOURL,6,"Monday, December 22, 1997","Monday, January 19, 1998","Friday, December 26, 1997",1,28.23,Gourmet Lanchonetes,Av. Brasil 442,Campinas,SP,04876-786,Brazil
10370,CHOPS,6,"Tuesday, December 3, 1996","Tuesday, December 31, 1996","Friday, December 27, 1996",2,1.17,Chop-suey Chinese,Hauptstr. 31,Bern,NULL,3012,Switzerland
10726,EASTC,4,"Monday, November 3, 1997","Monday, November 17, 1997","Friday, December 5, 1997",1,16.56,Eastern Connection,35 King George,London,NULL,WX3 6FW,UK
10727,REGGC,2,"Monday, November 3, 1997","Monday, December 1, 1997","Friday, December 5, 1997",1,89.9,Reggiani Caseifici,Strada Provinciale 124,Reggio Emilia,NULL,42100,Italy
10870,WOLZA,5,"Wednesday, February 4, 1998","Wednesday, March 4, 1998","Friday, February 13, 1998",3,12.04,Wolski Zajazd,ul. Filtrowa 68,Warszawa,NULL,01-012,Poland
10884,LETSS,4,"Thursday, February 12, 1998","Thursday, March 12, 1998","Friday, February 13, 1998",2,90.97,Let's Stop N Shop,87 Polk St. Suite 5,San Francisco,CA,94117,USA
10425,LAMAI,6,"Friday, January 24, 1997","Friday, February 21, 1997","Friday, February 14, 1997",2,7.93,La maison d'Asie,1 rue Alsace-Lorraine,Toulouse,NULL,31000,France
10438,TOMSP,3,"Thursday, February 6, 1997","Thursday, March 6, 1997","Friday, February 14, 1997",2,8.24,Toms Spezialitäten,Luisenstr. 48,Münster,NULL,44087,Germany
10443,REGGC,8,"Wednesday, February 12, 1997","Wednesday, March 12, 1997","Friday, February 14, 1997",1,13.95,Reggiani Caseifici,Strada Provinciale 124,Reggio Emilia,NULL,42100,Italy
10882,SAVEA,4,"Wednesday, February 11, 1998","Wednesday, March 11, 1998","Friday, February 20, 1998",3,23.1,Save-a-lot Markets,187 Suffolk Ln.,Boise,ID,83720,USA
10883,LONEP,8,"Thursday, February 12, 1998","Thursday, March 12, 1998","Friday, February 20, 1998",3,0.53,Lonesome Pine Restaurant,89 Chiaroscuro Rd.,Portland,OR,97219,USA
10893,KOENE,9,"Wednesday, February 18, 1998","Wednesday, March 18, 1998","Friday, February 20, 1998",2,77.78,Königlich Essen,Maubelstr. 90,Brandenburg,NULL,14776,Germany
10894,SAVEA,1,"Wednesday, February 18, 1998","Wednesday, March 18, 1998","Friday, February 20, 1998",1,116.13,Save-a-lot Markets,187 Suffolk Ln.,Boise,ID,83720,USA
10444,BERGS,3,"Wednesday, February 12, 1997","Wednesday, March 12, 1997","Friday, February 21, 1997",3,3.5,Berglunds snabbköp,Berguvsvägen 8,Luleå,NULL,S-958 22,Sweden
10896,MAISD,7,"Thursday, February 19, 1998","Thursday, March 19, 1998","Friday, February 27, 1998",3,32.45,Maison Dewey,Rue Joseph-Bens 532,Bruxelles,NULL,B-1180,Belgium
10904,WHITC,3,"Tuesday, February 24, 1998","Tuesday, March 24, 1998","Friday, February 27, 1998",3,162.95,White Clover Markets,1029 - 12th Ave. S.,Seattle,WA,98124,USA
10907,SPECD,6,"Wednesday, February 25, 1998","Wednesday, March 25, 1998","Friday, February 27, 1998",3,9.19,Spécialités du monde,25 rue Lauriston,Paris,NULL,75016,France
10440,SAVEA,4,"Monday, February 10, 1997","Monday, March 10, 1997","Friday, February 28, 1997",2,86.53,Save-a-lot Markets,187 Suffolk Ln.,Boise,ID,83720,USA
10456,KOENE,8,"Tuesday, February 25, 1997","Tuesday, April 8, 1997","Friday, February 28, 1997",2,8.12,Königlich Essen,Maubelstr. 90,Brandenburg,NULL,14776,Germany
10459,VICTE,4,"Thursday, February 27, 1997","Thursday, March 27, 1997","Friday, February 28, 1997",2,25.09,Victuailles en stock,2 rue du Commerce,Lyon,NULL,69004,France
10826,BLONP,6,"Monday, January 12, 1998","Monday, February 9, 1998","Friday, February 6, 1998",1,7.09,Blondel père et fils,24 place Kléber,Strasbourg,NULL,67000,France
10827,BONAP,1,"Monday, January 12, 1998","Monday, January 26, 1998","Friday, February 6, 1998",2,63.54,Bon app',12 rue des Bouchers,Marseille,NULL,13008,France
10857,BERGS,8,"Wednesday, January 28, 1998","Wednesday, February 25, 1998","Friday, February 6, 1998",2,188.85,Berglunds snabbköp,Berguvsvägen 8,Luleå,NULL,S-958 22,Sweden
10429,HUNGO,3,"Wednesday, January 29, 1997","Wednesday, March 12, 1997","Friday, February 7, 1997",2,56.63,Hungry Owl All-Night Grocers,8 Johnstown Road,Cork,Co. Cork,NULL,Ireland
10431,BOTTM,4,"Thursday, January 30, 1997","Thursday, February 13, 1997","Friday, February 7, 1997",2,44.17,Bottom-Dollar Markets,23 Tsawassen Blvd.,Tsawassen,BC,T2F 8M4,Canada
10432,SPLIR,3,"Friday, January 31, 1997","Friday, February 14, 1997","Friday, February 7, 1997",2,4.34,Split Rail Beer & Ale,P.O. Box 555,Lander,WY,82520,USA
10435,CONSH,8,"Tuesday, February 4, 1997","Tuesday, March 18, 1997","Friday, February 7, 1997",2,9.21,Consolidated Holdings,Berkeley Gardens 12 Brewery,London,NULL,WX1 6LT,UK
10401,RATTC,1,"Wednesday, January 1, 1997","Wednesday, January 29, 1997","Friday, January 10, 1997",1,12.51,Rattlesnake Canyon Grocery,2817 Milton Dr.,Albuquerque,NM,87110,USA
10402,ERNSH,8,"Thursday, January 2, 1997","Thursday, February 13, 1997","Friday, January 10, 1997",2,67.88,Ernst Handel,Kirchgasse 6,Graz,NULL,8010,Austria
10819,CACTU,2,"Wednesday, January 7, 1998","Wednesday, February 4, 1998","Friday, January 16, 1998",3,19.76,Cactus Comidas para llevar,Cerrito 333,Buenos Aires,NULL,1010,Argentina
10822,TRAIH,6,"Thursday, January 8, 1998","Thursday, February 5, 1998","Friday, January 16, 1998",3,7,Trail's Head Gourmet Provisioners,722 DaVinci Blvd.,Kirkland,WA,98034,USA
10414,FAMIA,2,"Tuesday, January 14, 1997","Tuesday, February 11, 1997","Friday, January 17, 1997",3,21.48,Familia Arquibaldo,Rua Orós 92,Sao Paulo,SP,05442-030,Brazil
10771,ERNSH,9,"Wednesday, December 10, 1997","Wednesday, January 7, 1998","Friday, January 2, 1998",2,11.19,Ernst Handel,Kirchgasse 6,Graz,NULL,8010,Austria
10794,QUEDE,6,"Wednesday, December 24, 1997","Wednesday, January 21, 1998","Friday, January 2, 1998",1,21.49,Que Delícia,Rua da Panificadora 12,Rio de Janeiro,RJ,02389-673,Brazil
10802,SIMOB,4,"Monday, December 29, 1997","Monday, January 26, 1998","Friday, January 2, 1998",2,257.26,Simons bistro,Vinbæltet 34,Kobenhavn,NULL,1734,Denmark
10829,ISLAT,9,"Tuesday, January 13, 1998","Tuesday, February 10, 1998","Friday, January 23, 1998",1,154.72,Island Trading,Garden House Crowther Way,Cowes,Isle of Wight,PO31 7PJ,UK
10831,SANTG,3,"Wednesday, January 14, 1998","Wednesday, February 11, 1998","Friday, January 23, 1998",2,72.19,Santé Gourmet,Erling Skakkes gate 78,Stavern,NULL,4110,Norway
10833,OTTIK,6,"Thursday, January 15, 1998","Thursday, February 12, 1998","Friday, January 23, 1998",2,71.49,Ottilies Käseladen,Mehrheimerstr. 369,Köln,NULL,50739,Germany
10837,BERGS,9,"Friday, January 16, 1998","Friday, February 13, 1998","Friday, January 23, 1998",3,13.32,Berglunds snabbköp,Berguvsvägen 8,Luleå,NULL,S-958 22,Sweden
10838,LINOD,3,"Monday, January 19, 1998","Monday, February 16, 1998","Friday, January 23, 1998",3,59.28,LINO-Delicateses,Ave. 5 de Mayo Porlamar,I. de Margarita,Nueva Esparta,4980,Venezuela
10846,SUPRD,2,"Thursday, January 22, 1998","Thursday, March 5, 1998","Friday, January 23, 1998",3,56.46,Suprêmes délices,Boulevard Tirou 255,Charleroi,NULL,B-6000,Belgium
10415,HUNGC,3,"Wednesday, January 15, 1997","Wednesday, February 12, 1997","Friday, January 24, 1997",1,0.2,Hungry Coyote Import Store,City Center Plaza 516 Main St.,Elgin,OR,97827,USA
10418,QUICK,4,"Friday, January 17, 1997","Friday, February 14, 1997","Friday, January 24, 1997",1,17.55,QUICK-Stop,Taucherstraße 10,Cunewalde,NULL,01307,Germany
10393,SAVEA,1,"Wednesday, December 25, 1996","Wednesday, January 22, 1997","Friday, January 3, 1997",3,126.56,Save-a-lot Markets,187 Suffolk Ln.,Boise,ID,83720,USA
10394,HUNGC,1,"Wednesday, December 25, 1996","Wednesday, January 22, 1997","Friday, January 3, 1997",3,30.34,Hungry Coyote Import Store,City Center Plaza 516 Main St.,Elgin,OR,97827,USA
10395,HILAA,6,"Thursday, December 26, 1996","Thursday, January 23, 1997","Friday, January 3, 1997",1,184.41,HILARION-Abastos,Carrera 22 con Ave. Carlos Soublette #8-35,San Cristóbal,Táchira,5022,Venezuela
10807,FRANS,4,"Wednesday, December 31, 1997","Wednesday, January 28, 1998","Friday, January 30, 1998",1,1.36,Franchi S.p.A.,Via Monte Bianco 34,Torino,NULL,10100,Italy
10824,FOLKO,8,"Friday, January 9, 1998","Friday, February 6, 1998","Friday, January 30, 1998",1,1.23,Folk och fä HB,Åkergatan 24,Bräcke,NULL,S-844 67,Sweden
10845,QUICK,8,"Wednesday, January 21, 1998","Wednesday, February 4, 1998","Friday, January 30, 1998",1,212.98,QUICK-Stop,Taucherstraße 10,Cunewalde,NULL,01307,Germany
10849,KOENE,9,"Friday, January 23, 1998","Friday, February 20, 1998","Friday, January 30, 1998",2,0.56,Königlich Essen,Maubelstr. 90,Brandenburg,NULL,14776,Germany
10850,VICTE,1,"Friday, January 23, 1998","Friday, March 6, 1998","Friday, January 30, 1998",1,49.19,Victuailles en stock,2 rue du Commerce,Lyon,NULL,69004,France
10852,RATTC,8,"Monday, January 26, 1998","Monday, February 9, 1998","Friday, January 30, 1998",1,174.05,Rattlesnake Canyon Grocery,2817 Milton Dr.,Albuquerque,NM,87110,USA
10422,FRANS,2,"Wednesday, January 22, 1997","Wednesday, February 19, 1997","Friday, January 31, 1997",1,3.02,Franchi S.p.A.,Via Monte Bianco 34,Torino,NULL,10100,Italy
10805,THEBI,2,"Tuesday, December 30, 1997","Tuesday, January 27, 1998","Friday, January 9, 1998",3,237.34,The Big Cheese,89 Jefferson Way Suite 2,Portland,OR,97201,USA
10808,OLDWO,2,"Thursday, January 1, 1998","Thursday, January 29, 1998","Friday, January 9, 1998",3,45.53,Old World Delicatessen,2743 Bering St.,Anchorage,AK,99508,USA
10813,RICAR,1,"Monday, January 5, 1998","Monday, February 2, 1998","Friday, January 9, 1998",1,47.38,Ricardo Adocicados,Av. Copacabana 267,Rio de Janeiro,RJ,02389-890,Brazil
10569,RATTC,5,"Monday, June 16, 1997","Monday, July 14, 1997","Friday, July 11, 1997",1,58.98,Rattlesnake Canyon Grocery,2817 Milton Dr.,Albuquerque,NM,87110,USA
10250,HANAR,4,"Monday, July 8, 1996","Monday, August 5, 1996","Friday, July 12, 1996",2,65.83,Hanari Carnes,Rua do Paço 67,Rio de Janeiro,RJ,05454-876,Brazil
10597,PICCO,7,"Friday, July 11, 1997","Friday, August 8, 1997","Friday, July 18, 1997",3,35.12,Piccolo und mehr,Geislweg 14,Salzburg,NULL,5020,Austria
10598,RATTC,1,"Monday, July 14, 1997","Monday, August 11, 1997","Friday, July 18, 1997",3,44.42,Rattlesnake Canyon Grocery,2817 Milton Dr.,Albuquerque,NM,87110,USA
10578,BSBEV,4,"Tuesday, June 24, 1997","Tuesday, July 22, 1997","Friday, July 25, 1997",3,29.6,B's Beverages,Fauntleroy Circus,London,NULL,EC2 5NT,UK
10607,SAVEA,5,"Tuesday, July 22, 1997","Tuesday, August 19, 1997","Friday, July 25, 1997",1,200.24,Save-a-lot Markets,187 Suffolk Ln.,Boise,ID,83720,USA
10571,ERNSH,8,"Tuesday, June 17, 1997","Tuesday, July 29, 1997","Friday, July 4, 1997",3,26.06,Ernst Handel,Kirchgasse 6,Graz,NULL,8010,Austria
10579,LETSS,1,"Wednesday, June 25, 1997","Wednesday, July 23, 1997","Friday, July 4, 1997",2,13.73,Let's Stop N Shop,87 Polk St. Suite 5,San Francisco,CA,94117,USA
10583,WARTH,2,"Monday, June 30, 1997","Monday, July 28, 1997","Friday, July 4, 1997",2,7.28,Wartian Herkku,Torikatu 38,Oulu,NULL,90110,Finland
10584,BLONP,4,"Monday, June 30, 1997","Monday, July 28, 1997","Friday, July 4, 1997",1,59.14,Blondel père et fils,24 place Kléber,Strasbourg,NULL,67000,France
10540,QUICK,3,"Monday, May 19, 1997","Monday, June 16, 1997","Friday, June 13, 1997",3,1007.64,QUICK-Stop,Taucherstraße 10,Cunewalde,NULL,01307,Germany
10556,SIMOB,2,"Tuesday, June 3, 1997","Tuesday, July 15, 1997","Friday, June 13, 1997",1,9.8,Simons bistro,Vinbæltet 34,Kobenhavn,NULL,1734,Denmark
10559,BLONP,6,"Thursday, June 5, 1997","Thursday, July 3, 1997","Friday, June 13, 1997",1,8.05,Blondel père et fils,24 place Kléber,Strasbourg,NULL,67000,France
10573,ANTON,7,"Thursday, June 19, 1997","Thursday, July 17, 1997","Friday, June 20, 1997",3,84.84,Antonio Moreno Taquería,Mataderos 2312,México D.F.,NULL,05023,Mexico
10536,LEHMS,3,"Wednesday, May 14, 1997","Wednesday, June 11, 1997","Friday, June 6, 1997",2,58.88,Lehmanns Marktstand,Magazinweg 7,Frankfurt a.M.,NULL,60528,Germany
10550,GODOS,7,"Wednesday, May 28, 1997","Wednesday, June 25, 1997","Friday, June 6, 1997",3,4.32,Godos Cocina Típica,C/ Romero 33,Sevilla,NULL,41101,Spain
10551,FURIB,4,"Wednesday, May 28, 1997","Wednesday, July 9, 1997","Friday, June 6, 1997",3,72.95,Furia Bacalhau e Frutos do Mar,Jardim das rosas n. 32,Lisboa,NULL,1675,Portugal
10557,LEHMS,9,"Tuesday, June 3, 1997","Tuesday, June 17, 1997","Friday, June 6, 1997",2,96.72,Lehmanns Marktstand,Magazinweg 7,Frankfurt a.M.,NULL,60528,Germany
10923,LAMAI,7,"Tuesday, March 3, 1998","Tuesday, April 14, 1998","Friday, March 13, 1998",3,68.26,La maison d'Asie,1 rue Alsace-Lorraine,Toulouse,NULL,31000,France
10925,HANAR,3,"Wednesday, March 4, 1998","Wednesday, April 1, 1998","Friday, March 13, 1998",1,2.27,Hanari Carnes,Rua do Paço 67,Rio de Janeiro,RJ,05454-876,Brazil
10937,CACTU,7,"Tuesday, March 10, 1998","Tuesday, March 24, 1998","Friday, March 13, 1998",3,31.51,Cactus Comidas para llevar,Cerrito 333,Buenos Aires,NULL,1010,Argentina
10939,MAGAA,2,"Tuesday, March 10, 1998","Tuesday, April 7, 1998","Friday, March 13, 1998",2,76.33,Magazzini Alimentari Riuniti,Via Ludovico il Moro 22,Bergamo,NULL,24100,Italy
10944,BOTTM,6,"Thursday, March 12, 1998","Thursday, March 26, 1998","Friday, March 13, 1998",3,52.92,Bottom-Dollar Markets,23 Tsawassen Blvd.,Tsawassen,BC,T2F 8M4,Canada
10441,OLDWO,3,"Monday, February 10, 1997","Monday, March 24, 1997","Friday, March 14, 1997",2,73.02,Old World Delicatessen,2743 Bering St.,Anchorage,AK,99508,USA
10464,FURIB,4,"Tuesday, March 4, 1997","Tuesday, April 1, 1997","Friday, March 14, 1997",2,89,Furia Bacalhau e Frutos do Mar,Jardim das rosas n. 32,Lisboa,NULL,1675,Portugal
10465,VAFFE,1,"Wednesday, March 5, 1997","Wednesday, April 2, 1997","Friday, March 14, 1997",3,145.04,Vaffeljernet,Smagsloget 45,Århus,NULL,8200,Denmark
10469,WHITC,1,"Monday, March 10, 1997","Monday, April 7, 1997","Friday, March 14, 1997",1,60.18,White Clover Markets,1029 - 12th Ave. S.,Seattle,WA,98124,USA
10470,BONAP,4,"Tuesday, March 11, 1997","Tuesday, April 8, 1997","Friday, March 14, 1997",2,64.56,Bon app',12 rue des Bouchers,Marseille,NULL,13008,France
10941,SAVEA,7,"Wednesday, March 11, 1998","Wednesday, April 8, 1998","Friday, March 20, 1998",2,400.81,Save-a-lot Markets,187 Suffolk Ln.,Boise,ID,83720,USA
10954,LINOD,5,"Tuesday, March 17, 1998","Tuesday, April 28, 1998","Friday, March 20, 1998",1,27.91,LINO-Delicateses,Ave. 5 de Mayo Porlamar,I. de Margarita,Nueva Esparta,4980,Venezuela
10955,FOLKO,8,"Tuesday, March 17, 1998","Tuesday, April 14, 1998","Friday, March 20, 1998",2,3.26,Folk och fä HB,Åkergatan 24,Bräcke,NULL,S-844 67,Sweden
10956,BLAUS,6,"Tuesday, March 17, 1998","Tuesday, April 28, 1998","Friday, March 20, 1998",2,44.65,Blauer See Delikatessen,Forsterstr. 57,Mannheim,NULL,68306,Germany
10473,ISLAT,1,"Thursday, March 13, 1997","Thursday, March 27, 1997","Friday, March 21, 1997",3,16.37,Island Trading,Garden House Crowther Way,Cowes,Isle of Wight,PO31 7PJ,UK
10474,PERIC,5,"Thursday, March 13, 1997","Thursday, April 10, 1997","Friday, March 21, 1997",2,83.49,Pericles Comidas clásicas,Calle Dr. Jorge Cash 321,México D.F.,NULL,05033,Mexico
10479,RATTC,3,"Wednesday, March 19, 1997","Wednesday, April 16, 1997","Friday, March 21, 1997",3,708.95,Rattlesnake Canyon Grocery,2817 Milton Dr.,Albuquerque,NM,87110,USA
10957,HILAA,8,"Wednesday, March 18, 1998","Wednesday, April 15, 1998","Friday, March 27, 1998",3,105.36,HILARION-Abastos,Carrera 22 con Ave. Carlos Soublette #8-35,San Cristóbal,Táchira,5022,Venezuela
10958,OCEAN,7,"Wednesday, March 18, 1998","Wednesday, April 15, 1998","Friday, March 27, 1998",2,49.56,Océano Atlántico Ltda.,Ing. Gustavo Moncada 8585 Piso 20-A,Buenos Aires,NULL,1010,Argentina
10973,LACOR,6,"Tuesday, March 24, 1998","Tuesday, April 21, 1998","Friday, March 27, 1998",2,15.17,La corne d'abondance,67 avenue de l'Europe,Versailles,NULL,78000,France
10975,BOTTM,1,"Wednesday, March 25, 1998","Wednesday, April 22, 1998","Friday, March 27, 1998",3,32.27,Bottom-Dollar Markets,23 Tsawassen Blvd.,Tsawassen,BC,T2F 8M4,Canada
10487,QUEEN,2,"Wednesday, March 26, 1997","Wednesday, April 23, 1997","Friday, March 28, 1997",2,71.07,Queen Cozinha,Alameda dos Canàrios 891,Sao Paulo,SP,05487-020,Brazil
10898,OCEAN,4,"Friday, February 20, 1998","Friday, March 20, 1998","Friday, March 6, 1998",2,1.27,Océano Atlántico Ltda.,Ing. Gustavo Moncada 8585 Piso 20-A,Buenos Aires,NULL,1010,Argentina
10905,WELLI,9,"Tuesday, February 24, 1998","Tuesday, March 24, 1998","Friday, March 6, 1998",2,13.72,Wellington Importadora,Rua do Mercado 12,Resende,SP,08737-363,Brazil
10908,REGGC,4,"Thursday, February 26, 1998","Thursday, March 26, 1998","Friday, March 6, 1998",2,32.96,Reggiani Caseifici,Strada Provinciale 124,Reggio Emilia,NULL,42100,Italy
10447,RICAR,4,"Friday, February 14, 1997","Friday, March 14, 1997","Friday, March 7, 1997",2,68.66,Ricardo Adocicados,Av. Copacabana 267,Rio de Janeiro,RJ,02389-890,Brazil
11042,COMMI,2,"Wednesday, April 22, 1998","Wednesday, May 6, 1998","Friday, May 1, 1998",1,29.99,Comércio Mineiro,Av. dos Lusíadas 23,Sao Paulo,SP,05432-043,Brazil
11044,WOLZA,4,"Thursday, April 23, 1998","Thursday, May 21, 1998","Friday, May 1, 1998",1,8.72,Wolski Zajazd,ul. Filtrowa 68,Warszawa,NULL,01-012,Poland
11047,EASTC,7,"Friday, April 24, 1998","Friday, May 22, 1998","Friday, May 1, 1998",3,46.62,Eastern Connection,35 King George,London,NULL,WX3 6FW,UK
11052,HANAR,3,"Monday, April 27, 1998","Monday, May 25, 1998","Friday, May 1, 1998",1,67.26,Hanari Carnes,Rua do Paço 67,Rio de Janeiro,RJ,05454-876,Brazil
11056,EASTC,8,"Tuesday, April 28, 1998","Tuesday, May 12, 1998","Friday, May 1, 1998",2,278.96,Eastern Connection,35 King George,London,NULL,WX3 6FW,UK
11057,NORTS,3,"Wednesday, April 29, 1998","Wednesday, May 27, 1998","Friday, May 1, 1998",3,4.13,North/South,South House 300 Queensbridge,London,NULL,SW7 1RZ,UK
10514,ERNSH,3,"Tuesday, April 22, 1997","Tuesday, May 20, 1997","Friday, May 16, 1997",2,789.95,Ernst Handel,Kirchgasse 6,Graz,NULL,8010,Austria
10538,BSBEV,9,"Thursday, May 15, 1997","Thursday, June 12, 1997","Friday, May 16, 1997",3,4.87,B's Beverages,Fauntleroy Circus,London,NULL,EC2 5NT,UK
10506,KOENE,9,"Tuesday, April 15, 1997","Tuesday, May 13, 1997","Friday, May 2, 1997",2,21.19,Königlich Essen,Maubelstr. 90,Brandenburg,NULL,14776,Germany
10521,CACTU,8,"Tuesday, April 29, 1997","Tuesday, May 27, 1997","Friday, May 2, 1997",2,17.22,Cactus Comidas para llevar,Cerrito 333,Buenos Aires,NULL,1010,Argentina
10515,QUICK,2,"Wednesday, April 23, 1997","Wednesday, May 7, 1997","Friday, May 23, 1997",1,204.47,QUICK-Stop,Taucherstraße 10,Cunewalde,NULL,01307,Germany
10525,BONAP,1,"Friday, May 2, 1997","Friday, May 30, 1997","Friday, May 23, 1997",2,11.06,Bon app',12 rue des Bouchers,Marseille,NULL,13008,France
10539,BSBEV,6,"Friday, May 16, 1997","Friday, June 13, 1997","Friday, May 23, 1997",3,12.36,B's Beverages,Fauntleroy Circus,London,NULL,EC2 5NT,UK
10543,LILAS,8,"Wednesday, May 21, 1997","Wednesday, June 18, 1997","Friday, May 23, 1997",2,48.17,LILA-Supermercado,Carrera 52 con Ave. Bolívar #65-98 Llano Largo,Barquisimeto,Lara,3508,Venezuela
10523,SEVES,7,"Thursday, May 1, 1997","Thursday, May 29, 1997","Friday, May 30, 1997",2,77.63,Seven Seas Imports,90 Wadhurst Rd.,London,NULL,OX15 4NB,UK
10544,LONEP,4,"Wednesday, May 21, 1997","Wednesday, June 18, 1997","Friday, May 30, 1997",1,24.91,Lonesome Pine Restaurant,89 Chiaroscuro Rd.,Portland,OR,97219,USA
10549,QUICK,5,"Tuesday, May 27, 1997","Tuesday, June 10, 1997","Friday, May 30, 1997",1,171.24,QUICK-Stop,Taucherstraße 10,Cunewalde,NULL,01307,Germany
10528,GREAL,6,"Tuesday, May 6, 1997","Tuesday, May 20, 1997","Friday, May 9, 1997",2,3.35,Great Lakes Food Market,2732 Baker Blvd.,Eugene,OR,97403,USA
10529,MAISD,5,"Wednesday, May 7, 1997","Wednesday, June 4, 1997","Friday, May 9, 1997",2,66.69,Maison Dewey,Rue Joseph-Bens 532,Bruxelles,NULL,B-1180,Belgium
10729,LINOD,8,"Tuesday, November 4, 1997","Tuesday, December 16, 1997","Friday, November 14, 1997",3,141.06,LINO-Delicateses,Ave. 5 de Mayo Porlamar,I. de Margarita,Nueva Esparta,4980,Venezuela
10730,BONAP,5,"Wednesday, November 5, 1997","Wednesday, December 3, 1997","Friday, November 14, 1997",1,20.12,Bon app',12 rue des Bouchers,Marseille,NULL,13008,France
10731,CHOPS,7,"Thursday, November 6, 1997","Thursday, December 4, 1997","Friday, November 14, 1997",1,96.65,Chop-suey Chinese,Hauptstr. 31,Bern,NULL,3012,Switzerland
10348,WANDK,4,"Thursday, November 7, 1996","Thursday, December 5, 1996","Friday, November 15, 1996",2,0.78,Die Wandernde Kuh,Adenauerallee 900,Stuttgart,NULL,70563,Germany
10349,SPLIR,7,"Friday, November 8, 1996","Friday, December 6, 1996","Friday, November 15, 1996",1,8.63,Split Rail Beer & Ale,P.O. Box 555,Lander,WY,82520,USA
10735,LETSS,6,"Monday, November 10, 1997","Monday, December 8, 1997","Friday, November 21, 1997",2,45.97,Let's Stop N Shop,87 Polk St. Suite 5,San Francisco,CA,94117,USA
10736,HUNGO,9,"Tuesday, November 11, 1997","Tuesday, December 9, 1997","Friday, November 21, 1997",2,44.1,Hungry Owl All-Night Grocers,8 Johnstown Road,Cork,Co. Cork,NULL,Ireland
10743,AROUT,1,"Monday, November 17, 1997","Monday, December 15, 1997","Friday, November 21, 1997",2,23.72,Around the Horn,Brook Farm Stratford St. Mary,Colchester,Essex,CO7 6JX,UK
10746,CHOPS,1,"Wednesday, November 19, 1997","Wednesday, December 17, 1997","Friday, November 21, 1997",3,31.43,Chop-suey Chinese,Hauptstr. 31,Bern,NULL,3012,Switzerland
10748,SAVEA,3,"Thursday, November 20, 1997","Thursday, December 18, 1997","Friday, November 28, 1997",1,232.55,Save-a-lot Markets,187 Suffolk Ln.,Boise,ID,83720,USA
10752,NORTS,2,"Monday, November 24, 1997","Monday, December 22, 1997","Friday, November 28, 1997",3,1.39,North/South,South House 300 Queensbridge,London,NULL,SW7 1RZ,UK
10755,BONAP,4,"Wednesday, November 26, 1997","Wednesday, December 24, 1997","Friday, November 28, 1997",2,16.71,Bon app',12 rue des Bouchers,Marseille,NULL,13008,France
10704,QUEEN,6,"Tuesday, October 14, 1997","Tuesday, November 11, 1997","Friday, November 7, 1997",1,4.78,Queen Cozinha,Alameda dos Canàrios 891,Sao Paulo,SP,05487-020,Brazil
10732,BONAP,3,"Thursday, November 6, 1997","Thursday, December 4, 1997","Friday, November 7, 1997",1,16.97,Bon app',12 rue des Bouchers,Marseille,NULL,13008,France
10340,BONAP,1,"Tuesday, October 29, 1996","Tuesday, November 26, 1996","Friday, November 8, 1996",3,166.31,Bon app',12 rue des Bouchers,Marseille,NULL,13008,France
10346,RATTC,3,"Tuesday, November 5, 1996","Tuesday, December 17, 1996","Friday, November 8, 1996",3,142.08,Rattlesnake Canyon Grocery,2817 Milton Dr.,Albuquerque,NM,87110,USA
10347,FAMIA,4,"Wednesday, November 6, 1996","Wednesday, December 4, 1996","Friday, November 8, 1996",3,3.1,Familia Arquibaldo,Rua Orós 92,Sao Paulo,SP,05442-030,Brazil
10693,WHITC,3,"Monday, October 6, 1997","Monday, October 20, 1997","Friday, October 10, 1997",3,139.34,White Clover Markets,1029 - 12th Ave. S.,Seattle,WA,98124,USA
10319,TORTU,7,"Wednesday, October 2, 1996","Wednesday, October 30, 1996","Friday, October 11, 1996",3,64.5,Tortuga Restaurante,Avda. Azteca 123,México D.F.,NULL,05033,Mexico
10321,ISLAT,3,"Thursday, October 3, 1996","Thursday, October 31, 1996","Friday, October 11, 1996",2,3.43,Island Trading,Garden House Crowther Way,Cowes,Isle of Wight,PO31 7PJ,UK
10698,ERNSH,4,"Thursday, October 9, 1997","Thursday, November 6, 1997","Friday, October 17, 1997",1,272.47,Ernst Handel,Kirchgasse 6,Graz,NULL,8010,Austria
10320,WARTH,5,"Thursday, October 3, 1996","Thursday, October 17, 1996","Friday, October 18, 1996",3,34.57,Wartian Herkku,Torikatu 38,Oulu,NULL,90110,Finland
10713,SAVEA,1,"Wednesday, October 22, 1997","Wednesday, November 19, 1997","Friday, October 24, 1997",1,167.05,Save-a-lot Markets,187 Suffolk Ln.,Boise,ID,83720,USA
10333,WARTH,5,"Friday, October 18, 1996","Friday, November 15, 1996","Friday, October 25, 1996",3,0.59,Wartian Herkku,Torikatu 38,Oulu,NULL,90110,Finland
10336,PRINI,7,"Wednesday, October 23, 1996","Wednesday, November 20, 1996","Friday, October 25, 1996",2,15.51,Princesa Isabel Vinhos,Estrada da saúde n. 58,Lisboa,NULL,1756,Portugal
10663,BONAP,2,"Wednesday, September 10, 1997","Wednesday, September 24, 1997","Friday, October 3, 1997",2,113.15,Bon app',12 rue des Bouchers,Marseille,NULL,13008,France
10685,GOURL,4,"Monday, September 29, 1997","Monday, October 13, 1997","Friday, October 3, 1997",2,33.75,Gourmet Lanchonetes,Av. Brasil 442,Campinas,SP,04876-786,Brazil
10690,HANAR,1,"Thursday, October 2, 1997","Thursday, October 30, 1997","Friday, October 3, 1997",1,15.8,Hanari Carnes,Rua do Paço 67,Rio de Janeiro,RJ,05454-876,Brazil
10712,HUNGO,3,"Tuesday, October 21, 1997","Tuesday, November 18, 1997","Friday, October 31, 1997",1,89.93,Hungry Owl All-Night Grocers,8 Johnstown Road,Cork,Co. Cork,NULL,Ireland
10721,QUICK,5,"Wednesday, October 29, 1997","Wednesday, November 26, 1997","Friday, October 31, 1997",3,48.92,QUICK-Stop,Taucherstraße 10,Cunewalde,NULL,01307,Germany
10313,QUICK,2,"Tuesday, September 24, 1996","Tuesday, October 22, 1996","Friday, October 4, 1996",2,1.96,QUICK-Stop,Taucherstraße 10,Cunewalde,NULL,01307,Germany
10314,RATTC,1,"Wednesday, September 25, 1996","Wednesday, October 23, 1996","Friday, October 4, 1996",2,74.16,Rattlesnake Canyon Grocery,2817 Milton Dr.,Albuquerque,NM,87110,USA
10318,ISLAT,8,"Tuesday, October 1, 1996","Tuesday, October 29, 1996","Friday, October 4, 1996",2,4.73,Island Trading,Garden House Crowther Way,Cowes,Isle of Wight,PO31 7PJ,UK
10299,RICAR,4,"Friday, September 6, 1996","Friday, October 4, 1996","Friday, September 13, 1996",2,29.76,Ricardo Adocicados,Av. Copacabana 267,Rio de Janeiro,RJ,02389-890,Brazil
10653,FRANK,1,"Tuesday, September 2, 1997","Tuesday, September 30, 1997","Friday, September 19, 1997",1,93.25,Frankenversand,Berliner Platz 43,München,NULL,80805,Germany
10664,FURIB,1,"Wednesday, September 10, 1997","Wednesday, October 8, 1997","Friday, September 19, 1997",3,1.27,Furia Bacalhau e Frutos do Mar,Jardim das rosas n. 32,Lisboa,NULL,1675,Portugal
10667,ERNSH,7,"Friday, September 12, 1997","Friday, October 10, 1997","Friday, September 19, 1997",1,78.09,Ernst Handel,Kirchgasse 6,Graz,NULL,8010,Austria
10673,WILMK,2,"Thursday, September 18, 1997","Thursday, October 16, 1997","Friday, September 19, 1997",1,22.76,Wilman Kala,Keskuskatu 45,Helsinki,NULL,21240,Finland
10672,BERGS,9,"Wednesday, September 17, 1997","Wednesday, October 1, 1997","Friday, September 26, 1997",2,95.75,Berglunds snabbköp,Berguvsvägen 8,Luleå,NULL,S-958 22,Sweden
10677,ANTON,1,"Monday, September 22, 1997","Monday, October 20, 1997","Friday, September 26, 1997",3,4.03,Antonio Moreno Taquería,Mataderos 2312,México D.F.,NULL,05023,Mexico
10680,OLDWO,1,"Wednesday, September 24, 1997","Wednesday, October 22, 1997","Friday, September 26, 1997",1,26.61,Old World Delicatessen,2743 Bering St.,Anchorage,AK,99508,USA
10310,THEBI,8,"Friday, September 20, 1996","Friday, October 18, 1996","Friday, September 27, 1996",2,17.52,The Big Cheese,89 Jefferson Way Suite 2,Portland,OR,97201,USA
10642,SIMOB,7,"Friday, August 22, 1997","Friday, September 19, 1997","Friday, September 5, 1997",3,41.89,Simons bistro,Vinbæltet 34,Kobenhavn,NULL,1734,Denmark
10997,LILAS,8,"Friday, April 3, 1998","Friday, May 15, 1998","Monday, April 13, 1998",2,73.91,LILA-Supermercado,Carrera 52 con Ave. Bolívar #65-98 Llano Largo,Barquisimeto,Lara,3508,Venezuela
11007,PRINI,8,"Wednesday, April 8, 1998","Wednesday, May 6, 1998","Monday, April 13, 1998",2,202.24,Princesa Isabel Vinhos,Estrada da saúde n. 58,Lisboa,NULL,1756,Portugal
11011,ALFKI,3,"Thursday, April 9, 1998","Thursday, May 7, 1998","Monday, April 13, 1998",1,1.21,Alfred's Futterkiste,Obere Str. 57,Berlin,NULL,12209,Germany
11016,AROUT,9,"Friday, April 10, 1998","Friday, May 8, 1998","Monday, April 13, 1998",2,33.8,Around the Horn,Brook Farm Stratford St. Mary,Colchester,Essex,CO7 6JX,UK
11004,MAISD,3,"Tuesday, April 7, 1998","Tuesday, May 5, 1998","Monday, April 20, 1998",1,44.84,Maison Dewey,Rue Joseph-Bens 532,Bruxelles,NULL,B-1180,Belgium
11015,SANTG,2,"Friday, April 10, 1998","Friday, April 24, 1998","Monday, April 20, 1998",2,4.62,Santé Gourmet,Erling Skakkes gate 78,Stavern,NULL,4110,Norway
11017,ERNSH,9,"Monday, April 13, 1998","Monday, May 11, 1998","Monday, April 20, 1998",2,754.26,Ernst Handel,Kirchgasse 6,Graz,NULL,8010,Austria
11024,EASTC,4,"Wednesday, April 15, 1998","Wednesday, May 13, 1998","Monday, April 20, 1998",1,74.36,Eastern Connection,35 King George,London,NULL,WX3 6FW,UK
11027,BOTTM,1,"Thursday, April 16, 1998","Thursday, May 14, 1998","Monday, April 20, 1998",1,52.52,Bottom-Dollar Markets,23 Tsawassen Blvd.,Tsawassen,BC,T2F 8M4,Canada
10505,MEREP,3,"Monday, April 14, 1997","Monday, May 12, 1997","Monday, April 21, 1997",3,7.13,Mère Paillarde,43 rue St. Laurent,Montréal,Québec,H1J 1C3,Canada
10511,BONAP,4,"Friday, April 18, 1997","Friday, May 16, 1997","Monday, April 21, 1997",3,350.64,Bon app',12 rue des Bouchers,Marseille,NULL,13008,France
11029,CHOPS,4,"Thursday, April 16, 1998","Thursday, May 14, 1998","Monday, April 27, 1998",1,47.84,Chop-suey Chinese,Hauptstr. 31,Bern,NULL,3012,Switzerland
11030,SAVEA,7,"Friday, April 17, 1998","Friday, May 15, 1998","Monday, April 27, 1998",2,830.75,Save-a-lot Markets,187 Suffolk Ln.,Boise,ID,83720,USA
11034,OLDWO,8,"Monday, April 20, 1998","Monday, June 1, 1998","Monday, April 27, 1998",1,40.32,Old World Delicatessen,2743 Bering St.,Anchorage,AK,99508,USA
11037,GODOS,7,"Tuesday, April 21, 1998","Tuesday, May 19, 1998","Monday, April 27, 1998",1,3.2,Godos Cocina Típica,C/ Romero 33,Sevilla,NULL,41101,Spain
10510,SAVEA,6,"Friday, April 18, 1997","Friday, May 16, 1997","Monday, April 28, 1997",3,367.63,Save-a-lot Markets,187 Suffolk Ln.,Boise,ID,83720,USA
10513,WANDK,7,"Tuesday, April 22, 1997","Tuesday, June 3, 1997","Monday, April 28, 1997",1,105.65,Die Wandernde Kuh,Adenauerallee 900,Stuttgart,NULL,70563,Germany
10983,SAVEA,2,"Friday, March 27, 1998","Friday, April 24, 1998","Monday, April 6, 1998",2,657.54,Save-a-lot Markets,187 Suffolk Ln.,Boise,ID,83720,USA
10987,EASTC,8,"Tuesday, March 31, 1998","Tuesday, April 28, 1998","Monday, April 6, 1998",1,185.48,Eastern Connection,35 King George,London,NULL,WX3 6FW,UK
10995,PERIC,1,"Thursday, April 2, 1998","Thursday, April 30, 1998","Monday, April 6, 1998",3,46,Pericles Comidas clásicas,Calle Dr. Jorge Cash 321,México D.F.,NULL,05033,Mexico
10496,TRADH,7,"Friday, April 4, 1997","Friday, May 2, 1997","Monday, April 7, 1997",2,46.77,Tradiçao Hipermercados,Av. Inês de Castro 414,Sao Paulo,SP,05634-030,Brazil
10497,LEHMS,7,"Friday, April 4, 1997","Friday, May 2, 1997","Monday, April 7, 1997",1,36.21,Lehmanns Marktstand,Magazinweg 7,Frankfurt a.M.,NULL,60528,Germany
10621,ISLAT,4,"Tuesday, August 5, 1997","Tuesday, September 2, 1997","Monday, August 11, 1997",2,23.73,Island Trading,Garden House Crowther Way,Cowes,Isle of Wight,PO31 7PJ,UK
10622,RICAR,4,"Wednesday, August 6, 1997","Wednesday, September 3, 1997","Monday, August 11, 1997",3,50.97,Ricardo Adocicados,Av. Copacabana 267,Rio de Janeiro,RJ,02389-890,Brazil
10265,BLONP,2,"Thursday, July 25, 1996","Thursday, August 22, 1996","Monday, August 12, 1996",1,55.28,Blondel père et fils 24, place Kléber,Strasbourg,NULL,67000,France
10273,QUICK,3,"Monday, August 5, 1996","Monday, September 2, 1996","Monday, August 12, 1996",3,76.07,QUICK-Stop,Taucherstraße 10,Cunewalde,NULL,01307,Germany
10633,ERNSH,7,"Friday, August 15, 1997","Friday, September 12, 1997","Monday, August 18, 1997",3,477.9,Ernst Handel,Kirchgasse 6,Graz,NULL,8010,Austria
10285,QUICK,1,"Tuesday, August 20, 1996","Tuesday, September 17, 1996","Monday, August 26, 1996",2,76.83,QUICK-Stop,Taucherstraße 10,Cunewalde,NULL,01307,Germany
10617,GREAL,4,"Thursday, July 31, 1997","Thursday, August 28, 1997","Monday, August 4, 1997",2,18.53,Great Lakes Food Market,2732 Baker Blvd.,Eugene,OR,97403,USA
10757,SAVEA,6,"Thursday, November 27, 1997","Thursday, December 25, 1997","Monday, December 15, 1997",1,8.19,Save-a-lot Markets,187 Suffolk Ln.,Boise,ID,83720,USA
10767,SUPRD,4,"Friday, December 5, 1997","Friday, January 2, 1998","Monday, December 15, 1997",3,1.59,Suprêmes délices,Boulevard Tirou 255,Charleroi,NULL,B-6000,Belgium
10768,AROUT,3,"Monday, December 8, 1997","Monday, January 5, 1998","Monday, December 15, 1997",2,146.32,Around the Horn,Brook Farm Stratford St. Mary,Colchester,Essex,CO7 6JX,UK
10382,ERNSH,4,"Friday, December 13, 1996","Friday, January 10, 1997","Monday, December 16, 1996",1,94.77,Ernst Handel,Kirchgasse 6,Graz,NULL,8010,Austria
10357,LILAS,1,"Tuesday, November 19, 1996","Tuesday, December 17, 1996","Monday, December 2, 1996",3,34.88,LILA-Supermercado,Carrera 52 con Ave. Bolívar #65-98 Llano Largo,Barquisimeto,Lara,3508,Venezuela
10360,BLONP,4,"Friday, November 22, 1996","Friday, December 20, 1996","Monday, December 2, 1996",3,131.7,Blondel père et fils,24 place Kléber,Strasbourg,NULL,67000,France
10365,ANTON,3,"Wednesday, November 27, 1996","Wednesday, December 25, 1996","Monday, December 2, 1996",2,22,Antonio Moreno Taquería,Mataderos 2312,México D.F.,NULL,05023,Mexico
10367,VAFFE,7,"Thursday, November 28, 1996","Thursday, December 26, 1996","Monday, December 2, 1996",3,13.55,Vaffeljernet,Smagsloget 45,Århus,NULL,8200,Denmark
10368,ERNSH,2,"Friday, November 29, 1996","Friday, December 27, 1996","Monday, December 2, 1996",2,101.95,Ernst Handel,Kirchgasse 6,Graz,NULL,8010,Austria
10782,CACTU,9,"Wednesday, December 17, 1997","Wednesday, January 14, 1998","Monday, December 22, 1997",3,1.1,Cactus Comidas para llevar,Cerrito 333,Buenos Aires,NULL,1010,Argentina
10784,MAGAA,4,"Thursday, December 18, 1997","Thursday, January 15, 1998","Monday, December 22, 1997",3,70.09,Magazzini Alimentari Riuniti,Via Ludovico il Moro 22,Bergamo,NULL,24100,Italy
10385,SPLIR,1,"Tuesday, December 17, 1996","Tuesday, January 14, 1997","Monday, December 23, 1996",2,30.96,Split Rail Beer & Ale,P.O. Box 555,Lander,WY,82520,USA
10366,GALED,8,"Thursday, November 28, 1996","Thursday, January 9, 1997","Monday, December 30, 1996",2,10.14,Galería del gastronómo,Rambla de Cataluña 23,Barcelona,NULL,8022,Spain
10761,RATTC,5,"Tuesday, December 2, 1997","Tuesday, December 30, 1997","Monday, December 8, 1997",2,18.66,Rattlesnake Canyon Grocery,2817 Milton Dr.,Albuquerque,NM,87110,USA
10763,FOLIG,3,"Wednesday, December 3, 1997","Wednesday, December 31, 1997","Monday, December 8, 1997",3,37.35,Folies gourmandes,184 chaussée de Tournai,Lille,NULL,59000,France
10764,ERNSH,6,"Wednesday, December 3, 1997","Wednesday, December 31, 1997","Monday, December 8, 1997",3,145.45,Ernst Handel,Kirchgasse 6,Graz,NULL,8010,Austria
10369,SPLIR,8,"Monday, December 2, 1996","Monday, December 30, 1996","Monday, December 9, 1996",2,195.68,Split Rail Beer & Ale,P.O. Box 555,Lander,WY,82520,USA
10372,QUEEN,5,"Wednesday, December 4, 1996","Wednesday, January 1, 1997","Monday, December 9, 1996",2,890.78,Queen Cozinha,Alameda dos Canàrios 891,Sao Paulo,SP,05487-020,Brazil
10374,WOLZA,1,"Thursday, December 5, 1996","Thursday, January 2, 1997","Monday, December 9, 1996",3,3.94,Wolski Zajazd,ul. Filtrowa 68,Warszawa,NULL,01-012,Poland
10375,HUNGC,3,"Friday, December 6, 1996","Friday, January 3, 1997","Monday, December 9, 1996",2,20.12,Hungry Coyote Import Store,City Center Plaza 516 Main St.,Elgin,OR,97827,USA
10439,MEREP,6,"Friday, February 7, 1997","Friday, March 7, 1997","Monday, February 10, 1997",3,4.07,Mère Paillarde,43 rue St. Laurent,Montréal,Québec,H1J 1C3,Canada
10840,LINOD,4,"Monday, January 19, 1998","Monday, March 2, 1998","Monday, February 16, 1998",2,2.71,LINO-Delicateses,Ave. 5 de Mayo Porlamar,I. de Margarita,Nueva Esparta,4980,Venezuela
10887,GALED,8,"Friday, February 13, 1998","Friday, March 13, 1998","Monday, February 16, 1998",3,1.25,Galería del gastronómo,Rambla de Cataluña 23,Barcelona,NULL,8022,Spain
10851,RICAR,5,"Monday, January 26, 1998","Monday, February 23, 1998","Monday, February 2, 1998",1,160.55,Ricardo Adocicados,Av. Copacabana 267,Rio de Janeiro,RJ,02389-890,Brazil
10859,FRANK,1,"Thursday, January 29, 1998","Thursday, February 26, 1998","Monday, February 2, 1998",2,76.1,Frankenversand,Berliner Platz 43,München,NULL,80805,Germany
10862,LEHMS,8,"Friday, January 30, 1998","Friday, March 13, 1998","Monday, February 2, 1998",2,53.23,Lehmanns Marktstand,Magazinweg 7,Frankfurt a.M.,NULL,60528,Germany
10868,QUEEN,7,"Wednesday, February 4, 1998","Wednesday, March 4, 1998","Monday, February 23, 1998",2,191.27,Queen Cozinha,Alameda dos Canàrios 891,Sao Paulo,SP,05487-020,Brazil
10888,GODOS,1,"Monday, February 16, 1998","Monday, March 16, 1998","Monday, February 23, 1998",2,51.87,Godos Cocina Típica,C/ Romero 33,Sevilla,NULL,41101,Spain
10889,RATTC,9,"Monday, February 16, 1998","Monday, March 16, 1998","Monday, February 23, 1998",3,280.61,Rattlesnake Canyon Grocery,2817 Milton Dr.,Albuquerque,NM,87110,USA
10895,ERNSH,3,"Wednesday, February 18, 1998","Wednesday, March 18, 1998","Monday, February 23, 1998",1,162.75,Ernst Handel,Kirchgasse 6,Graz,NULL,8010,Austria
10423,GOURL,6,"Thursday, January 23, 1997","Thursday, February 6, 1997","Monday, February 24, 1997",3,24.5,Gourmet Lanchonetes,Av. Brasil 442,Campinas,SP,04876-786,Brazil
10448,RANCH,4,"Monday, February 17, 1997","Monday, March 17, 1997","Monday, February 24, 1997",2,38.82,Rancho grande,Av. del Libertador 900,Buenos Aires,NULL,1010,Argentina
10430,ERNSH,4,"Thursday, January 30, 1997","Thursday, February 13, 1997","Monday, February 3, 1997",1,458.78,Ernst Handel,Kirchgasse 6,Graz,NULL,8010,Austria
10864,AROUT,4,"Monday, February 2, 1998","Monday, March 2, 1998","Monday, February 9, 1998",2,3.04,Around the Horn,Brook Farm Stratford St. Mary,Colchester,Essex,CO7 6JX,UK
10869,SEVES,5,"Wednesday, February 4, 1998","Wednesday, March 4, 1998","Monday, February 9, 1998",1,143.28,Seven Seas Imports,90 Wadhurst Rd.,London,NULL,OX15 4NB,UK
10872,GODOS,5,"Thursday, February 5, 1998","Thursday, March 5, 1998","Monday, February 9, 1998",2,175.32,Godos Cocina Típica,C/ Romero 33,Sevilla,NULL,41101,Spain
10873,WILMK,4,"Friday, February 6, 1998","Friday, March 6, 1998","Monday, February 9, 1998",1,0.82,Wilman Kala,Keskuskatu 45,Helsinki,NULL,21240,Finland
10812,REGGC,5,"Friday, January 2, 1998","Friday, January 30, 1998","Monday, January 12, 1998",1,59.78,Reggiani Caseifici,Strada Provinciale 124,Reggio Emilia,NULL,42100,Italy
10818,MAGAA,7,"Wednesday, January 7, 1998","Wednesday, February 4, 1998","Monday, January 12, 1998",3,65.48,Magazzini Alimentari Riuniti,Via Ludovico il Moro 22,Bergamo,NULL,24100,Italy
10406,QUEEN,7,"Tuesday, January 7, 1997","Tuesday, February 18, 1997","Monday, January 13, 1997",1,108.04,Queen Cozinha,Alameda dos Canàrios 891,Sao Paulo,SP,05487-020,Brazil
10788,QUICK,1,"Monday, December 22, 1997","Monday, January 19, 1998","Monday, January 19, 1998",2,42.7,QUICK-Stop,Taucherstraße 10,Cunewalde,NULL,01307,Germany
10832,LAMAI,2,"Wednesday, January 14, 1998","Wednesday, February 11, 1998","Monday, January 19, 1998",2,43.26,La maison d'Asie,1 rue Alsace-Lorraine,Toulouse,NULL,31000,France
10834,TRADH,1,"Thursday, January 15, 1998","Thursday, February 12, 1998","Monday, January 19, 1998",3,29.78,Tradiçao Hipermercados,Av. Inês de Castro 414,Sao Paulo,SP,05634-030,Brazil
10843,VICTE,4,"Wednesday, January 21, 1998","Wednesday, February 18, 1998","Monday, January 26, 1998",2,9.26,Victuailles en stock,2 rue du Commerce,Lyon,NULL,69004,France
10844,PICCO,8,"Wednesday, January 21, 1998","Wednesday, February 18, 1998","Monday, January 26, 1998",2,25.22,Piccolo und mehr,Geislweg 14,Salzburg,NULL,5020,Austria
10416,WARTH,8,"Thursday, January 16, 1997","Thursday, February 13, 1997","Monday, January 27, 1997",3,22.72,Wartian Herkku,Torikatu 38,Oulu,NULL,90110,Finland
10420,WELLI,3,"Tuesday, January 21, 1997","Tuesday, February 18, 1997","Monday, January 27, 1997",1,44.12,Wellington Importadora,Rua do Mercado 12,Resende,SP,08737-363,Brazil
10421,QUEDE,8,"Tuesday, January 21, 1997","Tuesday, March 4, 1997","Monday, January 27, 1997",1,99.23,Que Delícia,Rua da Panificadora 12,Rio de Janeiro,RJ,02389-673,Brazil
10424,MEREP,7,"Thursday, January 23, 1997","Thursday, February 20, 1997","Monday, January 27, 1997",2,370.61,Mère Paillarde,43 rue St. Laurent,Montréal,Québec,H1J 1C3,Canada
10797,DRACD,7,"Thursday, December 25, 1997","Thursday, January 22, 1998","Monday, January 5, 1998",2,33.35,Drachenblut Delikatessen,Walserweg 21,Aachen,NULL,52066,Germany
10798,ISLAT,2,"Friday, December 26, 1997","Friday, January 23, 1998","Monday, January 5, 1998",1,2.33,Island Trading,Garden House Crowther Way,Cowes,Isle of Wight,PO31 7PJ,UK
10799,KOENE,9,"Friday, December 26, 1997","Friday, February 6, 1998","Monday, January 5, 1998",3,30.76,Königlich Essen,Maubelstr. 90,Brandenburg,NULL,14776,Germany
10800,SEVES,1,"Friday, December 26, 1997","Friday, January 23, 1998","Monday, January 5, 1998",3,137.44,Seven Seas Imports,90 Wadhurst Rd.,London,NULL,OX15 4NB,UK
10806,VICTE,3,"Wednesday, December 31, 1997","Wednesday, January 28, 1998","Monday, January 5, 1998",2,22.11,Victuailles en stock,2 rue du Commerce,Lyon,NULL,69004,France
10396,FRANK,1,"Friday, December 27, 1996","Friday, January 10, 1997","Monday, January 6, 1997",3,135.35,Frankenversand,Berliner Platz 43,München,NULL,80805,Germany
10582,BLAUS,3,"Friday, June 27, 1997","Friday, July 25, 1997","Monday, July 14, 1997",2,27.71,Blauer See Delikatessen,Forsterstr. 57,Mannheim,NULL,68306,Germany
10589,GREAL,8,"Friday, July 4, 1997","Friday, August 1, 1997","Monday, July 14, 1997",2,4.42,Great Lakes Food Market,2732 Baker Blvd.,Eugene,OR,97403,USA
10590,MEREP,4,"Monday, July 7, 1997","Monday, August 4, 1997","Monday, July 14, 1997",3,44.77,Mère Paillarde,43 rue St. Laurent,Montréal,Québec,H1J 1C3,Canada
10595,ERNSH,2,"Thursday, July 10, 1997","Thursday, August 7, 1997","Monday, July 14, 1997",1,96.78,Ernst Handel,Kirchgasse 6,Graz,NULL,8010,Austria
10251,VICTE,3,"Monday, July 8, 1996","Monday, August 5, 1996","Monday, July 15, 1996",1,41.34,Victuailles en stock,2 rue du Commerce,Lyon,NULL,69004,France
10255,RICSU,9,"Friday, July 12, 1996","Friday, August 9, 1996","Monday, July 15, 1996",3,148.33,Richter Supermarkt,Starenweg 5,Genève,NULL,1204,Switzerland
10599,BSBEV,6,"Tuesday, July 15, 1997","Tuesday, August 26, 1997","Monday, July 21, 1997",3,29.98,B's Beverages,Fauntleroy Circus,London,NULL,EC2 5NT,UK
10600,HUNGC,4,"Wednesday, July 16, 1997","Wednesday, August 13, 1997","Monday, July 21, 1997",1,45.13,Hungry Coyote Import Store,City Center Plaza 516 Main St.,Elgin,OR,97827,USA
10257,HILAA,4,"Tuesday, July 16, 1996","Tuesday, August 13, 1996","Monday, July 22, 1996",3,81.91,HILARION-Abastos,Carrera 22 con Ave. Carlos Soublette #8-35,San Cristóbal,Táchira,5022,Venezuela
10260,OTTIK,4,"Friday, July 19, 1996","Friday, August 16, 1996","Monday, July 29, 1996",1,55.09,Ottilies Käseladen,Mehrheimerstr. 369,Köln,NULL,50739,Germany
10564,RATTC,4,"Tuesday, June 10, 1997","Tuesday, July 8, 1997","Monday, June 16, 1997",3,13.75,Rattlesnake Canyon Grocery,2817 Milton Dr.,Albuquerque,NM,87110,USA
10547,SEVES,3,"Friday, May 23, 1997","Friday, June 20, 1997","Monday, June 2, 1997",2,178.43,Seven Seas Imports,90 Wadhurst Rd.,London,NULL,OX15 4NB,UK
10548,TOMSP,3,"Monday, May 26, 1997","Monday, June 23, 1997","Monday, June 2, 1997",2,1.43,Toms Spezialitäten,Luisenstr. 48,Münster,NULL,44087,Germany
10574,TRAIH,4,"Thursday, June 19, 1997","Thursday, July 17, 1997","Monday, June 30, 1997",2,37.6,Trail's Head Gourmet Provisioners,722 DaVinci Blvd.,Kirkland,WA,98034,USA
10575,MORGK,5,"Friday, June 20, 1997","Friday, July 4, 1997","Monday, June 30, 1997",1,127.34,Morgenstern Gesundkost,Heerstr. 22,Leipzig,NULL,04179,Germany
10576,TORTU,3,"Monday, June 23, 1997","Monday, July 7, 1997","Monday, June 30, 1997",3,18.56,Tortuga Restaurante,Avda. Azteca 123,México D.F.,NULL,05033,Mexico
10577,TRAIH,9,"Monday, June 23, 1997","Monday, August 4, 1997","Monday, June 30, 1997",2,25.41,Trail's Head Gourmet Provisioners,722 DaVinci Blvd.,Kirkland,WA,98034,USA
10560,FRANK,8,"Friday, June 6, 1997","Friday, July 4, 1997","Monday, June 9, 1997",1,36.65,Frankenversand,Berliner Platz 43,München,NULL,80805,Germany
10561,FOLKO,2,"Friday, June 6, 1997","Friday, July 4, 1997","Monday, June 9, 1997",2,242.21,Folk och fä HB,Åkergatan 24,Bräcke,NULL,S-844 67,Sweden
10933,ISLAT,6,"Friday, March 6, 1998","Friday, April 3, 1998","Monday, March 16, 1998",3,54.15,Island Trading,Garden House Crowther Way,Cowes,Isle of Wight,PO31 7PJ,UK
10938,QUICK,3,"Tuesday, March 10, 1998","Tuesday, April 7, 1998","Monday, March 16, 1998",2,31.89,QUICK-Stop,Taucherstraße 10,Cunewalde,NULL,01307,Germany
10947,BSBEV,3,"Friday, March 13, 1998","Friday, April 10, 1998","Monday, March 16, 1998",2,3.26,B's Beverages,Fauntleroy Circus,London,NULL,EC2 5NT,UK
10886,HANAR,1,"Friday, February 13, 1998","Friday, March 13, 1998","Monday, March 2, 1998",1,4.99,Hanari Carnes,Rua do Paço 67,Rio de Janeiro,RJ,05454-876,Brazil
10914,QUEEN,6,"Friday, February 27, 1998","Friday, March 27, 1998","Monday, March 2, 1998",1,21.19,Queen Cozinha,Alameda dos Canàrios 891,Sao Paulo,SP,05487-020,Brazil
10915,TORTU,2,"Friday, February 27, 1998","Friday, March 27, 1998","Monday, March 2, 1998",2,3.51,Tortuga Restaurante,Avda. Azteca 123,México D.F.,NULL,05033,Mexico
10940,BONAP,8,"Wednesday, March 11, 1998","Wednesday, April 8, 1998","Monday, March 23, 1998",3,19.77,Bon app',12 rue des Bouchers,Marseille,NULL,13008,France
10950,MAGAA,1,"Monday, March 16, 1998","Monday, April 13, 1998","Monday, March 23, 1998",2,2.5,Magazzini Alimentari Riuniti,Via Ludovico il Moro 22,Bergamo,NULL,24100,Italy
10959,GOURL,6,"Wednesday, March 18, 1998","Wednesday, April 29, 1998","Monday, March 23, 1998",2,4.98,Gourmet Lanchonetes,Av. Brasil 442,Campinas,SP,04876-786,Brazil
10962,QUICK,8,"Thursday, March 19, 1998","Thursday, April 16, 1998","Monday, March 23, 1998",2,275.79,QUICK-Stop,Taucherstraße 10,Cunewalde,NULL,01307,Germany
10476,HILAA,8,"Monday, March 17, 1997","Monday, April 14, 1997","Monday, March 24, 1997",3,4.41,HILARION-Abastos,Carrera 22 con Ave. Carlos Soublette #8-35,San Cristóbal,Táchira,5022,Venezuela
10480,FOLIG,6,"Thursday, March 20, 1997","Thursday, April 17, 1997","Monday, March 24, 1997",2,1.35,Folies gourmandes,184 chaussée de Tournai,Lille,NULL,59000,France
10427,PICCO,4,"Monday, January 27, 1997","Monday, February 24, 1997","Monday, March 3, 1997",2,31.29,Piccolo und mehr,Geislweg 14,Salzburg,NULL,5020,Austria
10455,WARTH,8,"Monday, February 24, 1997","Monday, April 7, 1997","Monday, March 3, 1997",2,180.45,Wartian Herkku,Torikatu 38,Oulu,NULL,90110,Finland
10457,KOENE,2,"Tuesday, February 25, 1997","Tuesday, March 25, 1997","Monday, March 3, 1997",1,11.57,Königlich Essen,Maubelstr. 90,Brandenburg,NULL,14776,Germany
10460,FOLKO,8,"Friday, February 28, 1997","Friday, March 28, 1997","Monday, March 3, 1997",1,16.27,Folk och fä HB,Åkergatan 24,Bräcke,NULL,S-844 67,Sweden
10961,QUEEN,8,"Thursday, March 19, 1998","Thursday, April 16, 1998","Monday, March 30, 1998",1,104.47,Queen Cozinha,Alameda dos Canàrios 891,Sao Paulo,SP,05487-020,Brazil
10965,OLDWO,6,"Friday, March 20, 1998","Friday, April 17, 1998","Monday, March 30, 1998",3,144.38,Old World Delicatessen,2743 Bering St.,Anchorage,AK,99508,USA
10969,COMMI,1,"Monday, March 23, 1998","Monday, April 20, 1998","Monday, March 30, 1998",2,0.21,Comércio Mineiro,Av. dos Lusíadas 23,Sao Paulo,SP,05432-043,Brazil
10485,LINOD,4,"Tuesday, March 25, 1997","Tuesday, April 8, 1997","Monday, March 31, 1997",2,64.45,LINO-Delicateses,Ave. 5 de Mayo Porlamar,I. de Margarita,Nueva Esparta,4980,Venezuela
10916,RANCH,1,"Friday, February 27, 1998","Friday, March 27, 1998","Monday, March 9, 1998",2,63.77,Rancho grande,Av. del Libertador 900,Buenos Aires,NULL,1010,Argentina
10920,AROUT,4,"Tuesday, March 3, 1998","Tuesday, March 31, 1998","Monday, March 9, 1998",2,29.61,Around the Horn,Brook Farm Stratford St. Mary,Colchester,Essex,CO7 6JX,UK
10921,VAFFE,1,"Tuesday, March 3, 1998","Tuesday, April 14, 1998","Monday, March 9, 1998",1,176.48,Vaffeljernet,Smagsloget 45,Århus,NULL,8200,Denmark
10530,PICCO,3,"Thursday, May 8, 1997","Thursday, June 5, 1997","Monday, May 12, 1997",2,339.22,Piccolo und mehr,Geislweg 14,Salzburg,NULL,5020,Austria
10532,EASTC,7,"Friday, May 9, 1997","Friday, June 6, 1997","Monday, May 12, 1997",3,74.46,Eastern Connection,35 King George,London,NULL,WX3 6FW,UK
10531,OCEAN,7,"Thursday, May 8, 1997","Thursday, June 5, 1997","Monday, May 19, 1997",1,8.12,Océano Atlántico Ltda.,Ing. Gustavo Moncada 8585 Piso 20-A,Buenos Aires,NULL,1010,Argentina
10537,RICSU,1,"Wednesday, May 14, 1997","Wednesday, May 28, 1997","Monday, May 19, 1997",1,78.85,Richter Supermarkt,Starenweg 5,Genève,NULL,1204,Switzerland
10542,KOENE,1,"Tuesday, May 20, 1997","Tuesday, June 17, 1997","Monday, May 26, 1997",3,10.95,Königlich Essen,Maubelstr. 90,Brandenburg,NULL,14776,Germany
11022,HANAR,9,"Tuesday, April 14, 1998","Tuesday, May 12, 1998","Monday, May 4, 1998",2,6.27,Hanari Carnes,Rua do Paço 67,Rio de Janeiro,RJ,05454-876,Brazil
11049,GOURL,3,"Friday, April 24, 1998","Friday, May 22, 1998","Monday, May 4, 1998",1,8.34,Gourmet Lanchonetes,Av. Brasil 442,Campinas,SP,04876-786,Brazil
11060,FRANS,2,"Thursday, April 30, 1998","Thursday, May 28, 1998","Monday, May 4, 1998",2,10.98,Franchi S.p.A.,Via Monte Bianco 34,Torino,NULL,10100,Italy
11064,SAVEA,1,"Friday, May 1, 1998","Friday, May 29, 1998","Monday, May 4, 1998",1,30.09,Save-a-lot Markets,187 Suffolk Ln.,Boise,ID,83720,USA
11066,WHITC,7,"Friday, May 1, 1998","Friday, May 29, 1998","Monday, May 4, 1998",2,44.72,White Clover Markets,1029 - 12th Ave. S.,Seattle,WA,98124,USA
10518,TORTU,4,"Friday, April 25, 1997","Friday, May 9, 1997","Monday, May 5, 1997",2,218.15,Tortuga Restaurante,Avda. Azteca 123,México D.F.,NULL,05033,Mexico
10733,BERGS,1,"Friday, November 7, 1997","Friday, December 5, 1997","Monday, November 10, 1997",3,110.11,Berglunds snabbköp,Berguvsvägen 8,Luleå,NULL,S-958 22,Sweden
10345,QUICK,2,"Monday, November 4, 1996","Monday, December 2, 1996","Monday, November 11, 1996",2,249.06,QUICK-Stop,Taucherstraße 10,Cunewalde,NULL,01307,Germany
10739,VINET,3,"Wednesday, November 12, 1997","Wednesday, December 10, 1997","Monday, November 17, 1997",3,11.08,Vins et alcools Chevalier,59 rue de l'Abbaye,Reims,NULL,51100,France
10352,FURIB,3,"Tuesday, November 12, 1996","Tuesday, November 26, 1996","Monday, November 18, 1996",3,1.3,Furia Bacalhau e Frutos do Mar,Jardim das rosas n. 32,Lisboa,NULL,1675,Portugal
10744,VAFFE,6,"Monday, November 17, 1997","Monday, December 15, 1997","Monday, November 24, 1997",1,69.19,Vaffeljernet,Smagsloget 45,Århus,NULL,8200,Denmark
10750,WARTH,9,"Friday, November 21, 1997","Friday, December 19, 1997","Monday, November 24, 1997",1,79.3,Wartian Herkku,Torikatu 38,Oulu,NULL,90110,Finland
10353,PICCO,7,"Wednesday, November 13, 1996","Wednesday, December 11, 1996","Monday, November 25, 1996",3,360.63,Piccolo und mehr,Geislweg 14,Salzburg,NULL,5020,Austria
10339,MEREP,2,"Monday, October 28, 1996","Monday, November 25, 1996","Monday, November 4, 1996",2,15.66,Mère Paillarde,43 rue St. Laurent,Montréal,Québec,H1J 1C3,Canada
10342,FRANK,4,"Wednesday, October 30, 1996","Wednesday, November 13, 1996","Monday, November 4, 1996",2,54.83,Frankenversand,Berliner Platz 43,München,NULL,80805,Germany
10692,ALFKI,4,"Friday, October 3, 1997","Friday, October 31, 1997","Monday, October 13, 1997",2,61.02,Alfred's Futterkiste,Obere Str. 57,Berlin,NULL,12209,Germany
10699,MORGK,3,"Thursday, October 9, 1997","Thursday, November 6, 1997","Monday, October 13, 1997",3,0.58,Morgenstern Gesundkost,Heerstr. 22,Leipzig,NULL,04179,Germany
10323,KOENE,4,"Monday, October 7, 1996","Monday, November 4, 1996","Monday, October 14, 1996",1,4.88,Königlich Essen,Maubelstr. 90,Brandenburg,NULL,14776,Germany
10325,KOENE,1,"Wednesday, October 9, 1996","Wednesday, October 23, 1996","Monday, October 14, 1996",3,64.86,Königlich Essen,Maubelstr. 90,Brandenburg,NULL,14776,Germany
10326,BOLID,4,"Thursday, October 10, 1996","Thursday, November 7, 1996","Monday, October 14, 1996",2,77.92,Bólido Comidas preparadas,C/ Araquil 67,Madrid,NULL,28023,Spain
10327,FOLKO,2,"Friday, October 11, 1996","Friday, November 8, 1996","Monday, October 14, 1996",1,63.36,Folk och fä HB,Åkergatan 24,Bräcke,NULL,S-844 67,Sweden
10703,FOLKO,6,"Tuesday, October 14, 1997","Tuesday, November 11, 1997","Monday, October 20, 1997",2,152.3,Folk och fä HB,Åkergatan 24,Bräcke,NULL,S-844 67,Sweden
10331,BONAP,9,"Wednesday, October 16, 1996","Wednesday, November 27, 1996","Monday, October 21, 1996",1,10.19,Bon app',12 rue des Bouchers,Marseille,NULL,13008,France
10332,MEREP,3,"Thursday, October 17, 1996","Thursday, November 28, 1996","Monday, October 21, 1996",2,52.84,Mère Paillarde,43 rue St. Laurent,Montréal,Québec,H1J 1C3,Canada
10714,SAVEA,5,"Wednesday, October 22, 1997","Wednesday, November 19, 1997","Monday, October 27, 1997",3,24.49,Save-a-lot Markets,187 Suffolk Ln.,Boise,ID,83720,USA
10716,RANCH,4,"Friday, October 24, 1997","Friday, November 21, 1997","Monday, October 27, 1997",2,22.57,Rancho grande,Av. del Libertador 900,Buenos Aires,NULL,1010,Argentina
10330,LILAS,3,"Wednesday, October 16, 1996","Wednesday, November 13, 1996","Monday, October 28, 1996",1,12.75,LILA-Supermercado,Carrera 52 con Ave. Bolívar #65-98 Llano Largo,Barquisimeto,Lara,3508,Venezuela
10334,VICTE,8,"Monday, October 21, 1996","Monday, November 18, 1996","Monday, October 28, 1996",2,8.56,Victuailles en stock,2 rue du Commerce,Lyon,NULL,69004,France
10638,LINOD,3,"Wednesday, August 20, 1997","Wednesday, September 17, 1997","Monday, September 1, 1997",1,158.44,LINO-Delicateses,Ave. 5 de Mayo Porlamar,I. de Margarita,Nueva Esparta,4980,Venezuela
10644,WELLI,3,"Monday, August 25, 1997","Monday, September 22, 1997","Monday, September 1, 1997",2,0.14,Wellington Importadora,Rua do Mercado 12,Resende,SP,08737-363,Brazil
10657,SAVEA,2,"Thursday, September 4, 1997","Thursday, October 2, 1997","Monday, September 15, 1997",2,352.69,Save-a-lot Markets,187 Suffolk Ln.,Boise,ID,83720,USA
10661,HUNGO,7,"Tuesday, September 9, 1997","Tuesday, October 7, 1997","Monday, September 15, 1997",3,17.55,Hungry Owl All-Night Grocers,8 Johnstown Road,Cork,Co. Cork,NULL,Ireland
10292,TRADH,1,"Wednesday, August 28, 1996","Wednesday, September 25, 1996","Monday, September 2, 1996",2,1.35,Tradiçao Hipermercados,Av. Inês de Castro 414,Sao Paulo,SP,05634-030,Brazil
10666,RICSU,7,"Friday, September 12, 1997","Friday, October 10, 1997","Monday, September 22, 1997",2,232.42,Richter Supermarkt,Starenweg 5,Genève,NULL,1204,Switzerland
10669,SIMOB,2,"Monday, September 15, 1997","Monday, October 13, 1997","Monday, September 22, 1997",1,24.39,Simons bistro,Vinbæltet 34,Kobenhavn,NULL,1734,Denmark
10306,ROMEY,1,"Monday, September 16, 1996","Monday, October 14, 1996","Monday, September 23, 1996",3,7.56,Romero y tomillo,Gran Vía 1,Madrid,NULL,28001,Spain
10676,TORTU,2,"Monday, September 22, 1997","Monday, October 20, 1997","Monday, September 29, 1997",2,2.01,Tortuga Restaurante,Avda. Azteca 123,México D.F.,NULL,05033,Mexico
10652,GOURL,4,"Monday, September 1, 1997","Monday, September 29, 1997","Monday, September 8, 1997",2,7.14,Gourmet Lanchonetes,Av. Brasil 442,Campinas,SP,04876-786,Brazil
10658,QUICK,4,"Friday, September 5, 1997","Friday, October 3, 1997","Monday, September 8, 1997",1,364.15,QUICK-Stop,Taucherstraße 10,Cunewalde,NULL,01307,Germany
11008,ERNSH,7,"Wednesday, April 8, 1998","Wednesday, May 6, 1998","Saturday, December 31, 9999",3,79.46,Ernst Handel,Kirchgasse 6,Graz,NULL,8010,Austria
11019,RANCH,6,"Monday, April 13, 1998","Monday, May 11, 1998","Saturday, December 31, 9999",3,3.17,Rancho grande,Av. del Libertador 900,Buenos Aires,NULL,1010,Argentina
11039,LINOD,1,"Tuesday, April 21, 1998","Tuesday, May 19, 1998","Saturday, December 31, 9999",2,65,LINO-Delicateses,Ave. 5 de Mayo Porlamar,I. de Margarita,Nueva Esparta,4980,Venezuela
11040,GREAL,4,"Wednesday, April 22, 1998","Wednesday, May 20, 1998","Saturday, December 31, 9999",3,18.84,Great Lakes Food Market,2732 Baker Blvd.,Eugene,OR,97403,USA
11045,BOTTM,6,"Thursday, April 23, 1998","Thursday, May 21, 1998","Saturday, December 31, 9999",2,70.58,Bottom-Dollar Markets,23 Tsawassen Blvd.,Tsawassen,BC,T2F 8M4,Canada
11051,LAMAI,7,"Monday, April 27, 1998","Monday, May 25, 1998","Saturday, December 31, 9999",3,2.79,La maison d'Asie,1 rue Alsace-Lorraine,Toulouse,NULL,31000,France
11054,CACTU,8,"Tuesday, April 28, 1998","Tuesday, May 26, 1998","Saturday, December 31, 9999",1,0.33,Cactus Comidas para llevar,Cerrito 333,Buenos Aires,NULL,1010,Argentina
11058,BLAUS,9,"Wednesday, April 29, 1998","Wednesday, May 27, 1998","Saturday, December 31, 9999",3,31.14,Blauer See Delikatessen,Forsterstr. 57,Mannheim,NULL,68306,Germany
11059,RICAR,2,"Wednesday, April 29, 1998","Wednesday, June 10, 1998","Saturday, December 31, 9999",2,85.8,Ricardo Adocicados,Av. Copacabana 267,Rio de Janeiro,RJ,02389-890,Brazil
11061,GREAL,4,"Thursday, April 30, 1998","Thursday, June 11, 1998","Saturday, December 31, 9999",3,14.01,Great Lakes Food Market,2732 Baker Blvd.,Eugene,OR,97403,USA
11062,REGGC,4,"Thursday, April 30, 1998","Thursday, May 28, 1998","Saturday, December 31, 9999",2,29.93,Reggiani Caseifici,Strada Provinciale 124,Reggio Emilia,NULL,42100,Italy
11065,LILAS,8,"Friday, May 1, 1998","Friday, May 29, 1998","Saturday, December 31, 9999",1,12.91,LILA-Supermercado,Carrera 52 con Ave. Bolívar #65-98 Llano Largo,Barquisimeto,Lara,3508,Venezuela
11068,QUEEN,8,"Monday, May 4, 1998","Monday, June 1, 1998","Saturday, December 31, 9999",2,81.75,Queen Cozinha,Alameda dos Canàrios 891,Sao Paulo,SP,05487-020,Brazil
11070,LEHMS,2,"Tuesday, May 5, 1998","Tuesday, June 2, 1998","Saturday, December 31, 9999",1,136,Lehmanns Marktstand,Magazinweg 7,Frankfurt a.M.,NULL,60528,Germany
11071,LILAS,1,"Tuesday, May 5, 1998","Tuesday, June 2, 1998","Saturday, December 31, 9999",1,0.93,LILA-Supermercado,Carrera 52 con Ave. Bolívar #65-98 Llano Largo,Barquisimeto,Lara,3508,Venezuela
11072,ERNSH,4,"Tuesday, May 5, 1998","Tuesday, June 2, 1998","Saturday, December 31, 9999",2,258.64,Ernst Handel,Kirchgasse 6,Graz,NULL,8010,Austria
11073,PERIC,2,"Tuesday, May 5, 1998","Tuesday, June 2, 1998","Saturday, December 31, 9999",2,24.95,Pericles Comidas clásicas,Calle Dr. Jorge Cash 321,México D.F.,NULL,05033,Mexico
11074,SIMOB,7,"Wednesday, May 6, 1998","Wednesday, June 3, 1998","Saturday, December 31, 9999",2,18.44,Simons bistro,Vinbæltet 34,Kobenhavn,NULL,1734,Denmark
11075,RICSU,8,"Wednesday, May 6, 1998","Wednesday, June 3, 1998","Saturday, December 31, 9999",2,6.19,Richter Supermarkt,Starenweg 5,Genève,NULL,1204,Switzerland
11076,BONAP,4,"Wednesday, May 6, 1998","Wednesday, June 3, 1998","Saturday, December 31, 9999",2,38.28,Bon app',12 rue des Bouchers,Marseille,NULL,13008,France
11077,RATTC,1,"Wednesday, May 6, 1998","Wednesday, June 3, 1998","Saturday, December 31, 9999",2,8.53,Rattlesnake Canyon Grocery,2817 Milton Dr.,Albuquerque,NM,87110,USA
10482,LAZYK,1,"Friday, March 21, 1997","Friday, April 18, 1997","Thursday, April 10, 1997",3,7.48,Lazy K Kountry Store,12 Orchestra Terrace,Walla Walla,WA,99362,USA
10493,LAMAI,4,"Wednesday, April 2, 1997","Wednesday, April 30, 1997","Thursday, April 10, 1997",3,10.64,La maison d'Asie,1 rue Alsace-Lorraine,Toulouse,NULL,31000,France
11002,SAVEA,4,"Monday, April 6, 1998","Monday, May 4, 1998","Thursday, April 16, 1998",1,141.16,Save-a-lot Markets,187 Suffolk Ln.,Boise,ID,83720,USA
11018,LONEP,4,"Monday, April 13, 1998","Monday, May 11, 1998","Thursday, April 16, 1998",2,11.65,Lonesome Pine Restaurant,89 Chiaroscuro Rd.,Portland,OR,97219,USA
11020,OTTIK,2,"Tuesday, April 14, 1998","Tuesday, May 12, 1998","Thursday, April 16, 1998",2,43.3,Ottilies Käseladen,Mehrheimerstr. 369,Köln,NULL,50739,Germany
10500,LAMAI,6,"Wednesday, April 9, 1997","Wednesday, May 7, 1997","Thursday, April 17, 1997",1,42.68,La maison d'Asie,1 rue Alsace-Lorraine,Toulouse,NULL,31000,France
10967,TOMSP,2,"Monday, March 23, 1998","Monday, April 20, 1998","Thursday, April 2, 1998",2,62.22,Toms Spezialitäten,Luisenstr. 48,Münster,NULL,44087,Germany
10971,FRANR,2,"Tuesday, March 24, 1998","Tuesday, April 21, 1998","Thursday, April 2, 1998",2,121.82,France restauration,54 rue Royale,Nantes,NULL,44000,France
10981,HANAR,1,"Friday, March 27, 1998","Friday, April 24, 1998","Thursday, April 2, 1998",2,193.37,Hanari Carnes,Rua do Paço 67,Rio de Janeiro,RJ,05454-876,Brazil
10985,HUNGO,2,"Monday, March 30, 1998","Monday, April 27, 1998","Thursday, April 2, 1998",1,91.51,Hungry Owl All-Night Grocers,8 Johnstown Road,Cork,Co. Cork,NULL,Ireland
10989,QUEDE,2,"Tuesday, March 31, 1998","Tuesday, April 28, 1998","Thursday, April 2, 1998",1,34.76,Que Delícia,Rua da Panificadora 12,Rio de Janeiro,RJ,02389-673,Brazil
10978,MAISD,9,"Thursday, March 26, 1998","Thursday, April 23, 1998","Thursday, April 23, 1998",2,32.82,Maison Dewey,Rue Joseph-Bens 532,Bruxelles,NULL,B-1180,Belgium
11032,WHITC,2,"Friday, April 17, 1998","Friday, May 15, 1998","Thursday, April 23, 1998",3,606.19,White Clover Markets,1029 - 12th Ave. S.,Seattle,WA,98124,USA
11033,RICSU,7,"Friday, April 17, 1998","Friday, May 15, 1998","Thursday, April 23, 1998",3,84.74,Richter Supermarkt,Starenweg 5,Genève,NULL,1204,Switzerland
10512,FAMIA,7,"Monday, April 21, 1997","Monday, May 19, 1997","Thursday, April 24, 1997",2,3.53,Familia Arquibaldo,Rua Orós 92,Sao Paulo,SP,05442-030,Brazil
10490,HILAA,7,"Monday, March 31, 1997","Monday, April 28, 1997","Thursday, April 3, 1997",2,210.19,HILARION-Abastos,Carrera 22 con Ave. Carlos Soublette #8-35,San Cristóbal,Táchira,5022,Venezuela
11038,SUPRD,1,"Tuesday, April 21, 1998","Tuesday, May 19, 1998","Thursday, April 30, 1998",2,29.59,Suprêmes délices,Boulevard Tirou 255,Charleroi,NULL,B-6000,Belgium
11048,BOTTM,7,"Friday, April 24, 1998","Friday, May 22, 1998","Thursday, April 30, 1998",3,24.12,Bottom-Dollar Markets,23 Tsawassen Blvd.,Tsawassen,BC,T2F 8M4,Canada
10994,VAFFE,2,"Thursday, April 2, 1998","Thursday, April 16, 1998","Thursday, April 9, 1998",3,65.53,Vaffeljernet,Smagsloget 45,Århus,NULL,8200,Denmark
10620,LAUGB,2,"Tuesday, August 5, 1997","Tuesday, September 2, 1997","Thursday, August 14, 1997",3,0.94,Laughing Bacchus Wine Cellars,2319 Elm St.,Vancouver,BC,V3F 2K1,Canada
10625,ANATR,3,"Friday, August 8, 1997","Friday, September 5, 1997","Thursday, August 14, 1997",1,43.9,Ana Trujillo Emparedados y helados,Avda. de la Constitución 2222,México D.F.,NULL,05021,Mexico
10627,SAVEA,8,"Monday, August 11, 1997","Monday, September 22, 1997","Thursday, August 21, 1997",3,107.46,Save-a-lot Markets,187 Suffolk Ln.,Boise,ID,83720,USA
10634,FOLIG,4,"Friday, August 15, 1997","Friday, September 12, 1997","Thursday, August 21, 1997",3,487.38,Folies gourmandes,184 chaussée de Tournai,Lille,NULL,59000,France
10635,MAGAA,8,"Monday, August 18, 1997","Monday, September 15, 1997","Thursday, August 21, 1997",3,47.46,Magazzini Alimentari Riuniti,Via Ludovico il Moro 22,Bergamo,NULL,24100,Italy
10640,WANDK,4,"Thursday, August 21, 1997","Thursday, September 18, 1997","Thursday, August 28, 1997",1,23.55,Die Wandernde Kuh,Adenauerallee 900,Stuttgart,NULL,70563,Germany
10619,MEREP,3,"Monday, August 4, 1997","Monday, September 1, 1997","Thursday, August 7, 1997",3,91.05,Mère Paillarde,43 rue St. Laurent,Montréal,Québec,H1J 1C3,Canada
10776,ERNSH,1,"Monday, December 15, 1997","Monday, January 12, 1998","Thursday, December 18, 1997",3,351.53,Ernst Handel,Kirchgasse 6,Graz,NULL,8010,Austria
10378,FOLKO,5,"Tuesday, December 10, 1996","Tuesday, January 7, 1997","Thursday, December 19, 1996",3,5.44,Folk och fä HB,Åkergatan 24,Bräcke,NULL,S-844 67,Sweden
10780,LILAS,2,"Tuesday, December 16, 1997","Tuesday, December 30, 1997","Thursday, December 25, 1997",1,42.13,LILA-Supermercado,Carrera 52 con Ave. Bolívar #65-98 Llano Largo,Barquisimeto,Lara,3508,Venezuela
10390,ERNSH,6,"Monday, December 23, 1996","Monday, January 20, 1997","Thursday, December 26, 1996",1,126.38,Ernst Handel,Kirchgasse 6,Graz,NULL,8010,Austria
10758,RICSU,3,"Friday, November 28, 1997","Friday, December 26, 1997","Thursday, December 4, 1997",3,138.17,Richter Supermarkt,Starenweg 5,Genève,NULL,1204,Switzerland
10865,QUICK,2,"Monday, February 2, 1998","Monday, February 16, 1998","Thursday, February 12, 1998",1,348.14,QUICK-Stop,Taucherstraße 10,Cunewalde,NULL,01307,Germany
10866,BERGS,5,"Tuesday, February 3, 1998","Tuesday, March 3, 1998","Thursday, February 12, 1998",1,109.11,Berglunds snabbköp,Berguvsvägen 8,Luleå,NULL,S-958 22,Sweden
10876,BONAP,7,"Monday, February 9, 1998","Monday, March 9, 1998","Thursday, February 12, 1998",3,60.42,Bon app',12 rue des Bouchers,Marseille,NULL,13008,France
10878,QUICK,4,"Tuesday, February 10, 1998","Tuesday, March 10, 1998","Thursday, February 12, 1998",1,46.69,QUICK-Stop,Taucherstraße 10,Cunewalde,NULL,01307,Germany
10879,WILMK,3,"Tuesday, February 10, 1998","Tuesday, March 10, 1998","Thursday, February 12, 1998",3,8.5,Wilman Kala,Keskuskatu 45,Helsinki,NULL,21240,Finland
10434,FOLKO,3,"Monday, February 3, 1997","Monday, March 3, 1997","Thursday, February 13, 1997",2,17.92,Folk och fä HB,Åkergatan 24,Bräcke,NULL,S-844 67,Sweden
10877,RICAR,1,"Monday, February 9, 1998","Monday, March 9, 1998","Thursday, February 19, 1998",1,38.06,Ricardo Adocicados,Av. Copacabana 267,Rio de Janeiro,RJ,02389-890,Brazil
10891,LEHMS,7,"Tuesday, February 17, 1998","Tuesday, March 17, 1998","Thursday, February 19, 1998",2,20.37,Lehmanns Marktstand,Magazinweg 7,Frankfurt a.M.,NULL,60528,Germany
10892,MAISD,4,"Tuesday, February 17, 1998","Tuesday, March 17, 1998","Thursday, February 19, 1998",2,120.27,Maison Dewey,Rue Joseph-Bens 532,Bruxelles,NULL,B-1180,Belgium
10445,BERGS,3,"Thursday, February 13, 1997","Thursday, March 13, 1997","Thursday, February 20, 1997",1,9.3,Berglunds snabbköp,Berguvsvägen 8,Luleå,NULL,S-958 22,Sweden
10899,LILAS,5,"Friday, February 20, 1998","Friday, March 20, 1998","Thursday, February 26, 1998",3,1.21,LILA-Supermercado,Carrera 52 con Ave. Bolívar #65-98 Llano Largo,Barquisimeto,Lara,3508,Venezuela
10901,HILAA,4,"Monday, February 23, 1998","Monday, March 23, 1998","Thursday, February 26, 1998",1,62.09,HILARION-Abastos,Carrera 22 con Ave. Carlos Soublette #8-35,San Cristóbal,Táchira,5022,Venezuela
10449,BLONP,3,"Tuesday, February 18, 1997","Tuesday, March 18, 1997","Thursday, February 27, 1997",2,53.3,Blondel père et fils,24 place Kléber,Strasbourg,NULL,67000,France
10854,ERNSH,3,"Tuesday, January 27, 1998","Tuesday, February 24, 1998","Thursday, February 5, 1998",2,100.22,Ernst Handel,Kirchgasse 6,Graz,NULL,8010,Austria
10426,GALED,4,"Monday, January 27, 1997","Monday, February 24, 1997","Thursday, February 6, 1997",1,18.69,Galería del gastronómo,Rambla de Cataluña 23,Barcelona,NULL,8022,Spain
10791,FRANK,6,"Tuesday, December 23, 1997","Tuesday, January 20, 1998","Thursday, January 1, 1998",2,16.85,Frankenversand,Berliner Platz 43,München,NULL,80805,Germany
10821,SPLIR,1,"Thursday, January 8, 1998","Thursday, February 5, 1998","Thursday, January 15, 1998",1,36.68,Split Rail Beer & Ale,P.O. Box 555,Lander,WY,82520,USA
10380,HUNGO,8,"Thursday, December 12, 1996","Thursday, January 9, 1997","Thursday, January 16, 1997",3,35.03,Hungry Owl All-Night Grocers,8 Johnstown Road,Cork,Co. Cork,NULL,Ireland
10400,EASTC,1,"Wednesday, January 1, 1997","Wednesday, January 29, 1997","Thursday, January 16, 1997",3,83.93,Eastern Connection,35 King George,London,NULL,WX3 6FW,UK
10413,LAMAI,3,"Tuesday, January 14, 1997","Tuesday, February 11, 1997","Thursday, January 16, 1997",2,95.66,La maison d'Asie,1 rue Alsace-Lorraine,Toulouse,NULL,31000,France
10397,PRINI,5,"Friday, December 27, 1996","Friday, January 24, 1997","Thursday, January 2, 1997",1,60.26,Princesa Isabel Vinhos,Estrada da saúde n. 58,Lisboa,NULL,1756,Portugal
10839,TRADH,3,"Monday, January 19, 1998","Monday, February 16, 1998","Thursday, January 22, 1998",3,35.43,Tradiçao Hipermercados,Av. Inês de Castro 414,Sao Paulo,SP,05634-030,Brazil
10841,SUPRD,5,"Tuesday, January 20, 1998","Tuesday, February 17, 1998","Thursday, January 29, 1998",2,424.3,Suprêmes délices,Boulevard Tirou 255,Charleroi,NULL,B-6000,Belgium
10842,TORTU,1,"Tuesday, January 20, 1998","Tuesday, February 17, 1998","Thursday, January 29, 1998",3,54.42,Tortuga Restaurante,Avda. Azteca 123,México D.F.,NULL,05033,Mexico
10848,CONSH,7,"Friday, January 23, 1998","Friday, February 20, 1998","Thursday, January 29, 1998",2,38.24,Consolidated Holdings,Berkeley Gardens 12 Brewery,London,NULL,WX1 6LT,UK
10407,OTTIK,2,"Tuesday, January 7, 1997","Tuesday, February 4, 1997","Thursday, January 30, 1997",2,91.48,Ottilies Käseladen,Mehrheimerstr. 369,Köln,NULL,50739,Germany
10419,RICSU,4,"Monday, January 20, 1997","Monday, February 17, 1997","Thursday, January 30, 1997",2,137.35,Richter Supermarkt,Starenweg 5,Genève,NULL,1204,Switzerland
10793,AROUT,3,"Wednesday, December 24, 1997","Wednesday, January 21, 1998","Thursday, January 8, 1998",3,4.52,Around the Horn,Brook Farm Stratford St. Mary,Colchester,Essex,CO7 6JX,UK
10811,LINOD,8,"Friday, January 2, 1998","Friday, January 30, 1998","Thursday, January 8, 1998",1,31.22,LINO-Delicateses,Ave. 5 de Mayo Porlamar,I. de Margarita,Nueva Esparta,4980,Venezuela
10398,SAVEA,2,"Monday, December 30, 1996","Monday, January 27, 1997","Thursday, January 9, 1997",3,89.16,Save-a-lot Markets,187 Suffolk Ln.,Boise,ID,83720,USA
10403,ERNSH,4,"Friday, January 3, 1997","Friday, January 31, 1997","Thursday, January 9, 1997",3,73.79,Ernst Handel,Kirchgasse 6,Graz,NULL,8010,Austria
10585,WELLI,7,"Tuesday, July 1, 1997","Tuesday, July 29, 1997","Thursday, July 10, 1997",1,13.41,Wellington Importadora,Rua do Mercado 12,Resende,SP,08737-363,Brazil
10588,QUICK,2,"Thursday, July 3, 1997","Thursday, July 31, 1997","Thursday, July 10, 1997",3,194.67,QUICK-Stop,Taucherstraße 10,Cunewalde,NULL,01307,Germany
10252,SUPRD,4,"Tuesday, July 9, 1996","Tuesday, August 6, 1996","Thursday, July 11, 1996",2,51.3,Suprêmes délices,Boulevard Tirou 255,Charleroi,NULL,B-6000,Belgium
10259,CENTC,4,"Thursday, July 18, 1996","Thursday, August 15, 1996","Thursday, July 25, 1996",3,3.25,Centro comercial Moctezuma,Sierras de Granada 9993,México D.F.,NULL,05022,Mexico
10262,RATTC,8,"Monday, July 22, 1996","Monday, August 19, 1996","Thursday, July 25, 1996",3,48.29,Rattlesnake Canyon Grocery,2817 Milton Dr.,Albuquerque,NM,87110,USA
10606,TRADH,4,"Tuesday, July 22, 1997","Tuesday, August 19, 1997","Thursday, July 31, 1997",3,79.4,Tradiçao Hipermercados,Av. Inês de Castro 414,Sao Paulo,SP,05634-030,Brazil
10562,REGGC,1,"Monday, June 9, 1997","Monday, July 7, 1997","Thursday, June 12, 1997",1,22.95,Reggiani Caseifici,Strada Provinciale 124,Reggio Emilia,NULL,42100,Italy
10570,MEREP,3,"Tuesday, June 17, 1997","Tuesday, July 15, 1997","Thursday, June 19, 1997",3,188.99,Mère Paillarde,43 rue St. Laurent,Montréal,Québec,H1J 1C3,Canada
10545,LAZYK,8,"Thursday, May 22, 1997","Thursday, June 19, 1997","Thursday, June 26, 1997",2,11.92,Lazy K Kountry Store,12 Orchestra Terrace,Walla Walla,WA,99362,USA
10552,HILAA,2,"Thursday, May 29, 1997","Thursday, June 26, 1997","Thursday, June 5, 1997",1,83.22,HILARION-Abastos,Carrera 22 con Ave. Carlos Soublette #8-35,San Cristóbal,Táchira,5022,Venezuela
10554,OTTIK,4,"Friday, May 30, 1997","Friday, June 27, 1997","Thursday, June 5, 1997",3,120.97,Ottilies Käseladen,Mehrheimerstr. 369,Köln,NULL,50739,Germany
10929,FRANK,6,"Thursday, March 5, 1998","Thursday, April 2, 1998","Thursday, March 12, 1998",1,33.93,Frankenversand,Berliner Platz 43,München,NULL,80805,Germany
10934,LEHMS,3,"Monday, March 9, 1998","Monday, April 6, 1998","Thursday, March 12, 1998",3,32.01,Lehmanns Marktstand,Magazinweg 7,Frankfurt a.M.,NULL,60528,Germany
10466,COMMI,4,"Thursday, March 6, 1997","Thursday, April 3, 1997","Thursday, March 13, 1997",1,11.93,Comércio Mineiro,Av. dos Lusíadas 23,Sao Paulo,SP,05432-043,Brazil
10931,RICSU,4,"Friday, March 6, 1998","Friday, March 20, 1998","Thursday, March 19, 1998",2,13.6,Richter Supermarkt,Starenweg 5,Genève,NULL,1204,Switzerland
10943,BSBEV,4,"Wednesday, March 11, 1998","Wednesday, April 8, 1998","Thursday, March 19, 1998",2,2.17,B's Beverages,Fauntleroy Circus,London,NULL,EC2 5NT,UK
10946,VAFFE,1,"Thursday, March 12, 1998","Thursday, April 9, 1998","Thursday, March 19, 1998",2,27.2,Vaffeljernet,Smagsloget 45,Århus,NULL,8200,Denmark
10948,GODOS,3,"Friday, March 13, 1998","Friday, April 10, 1998","Thursday, March 19, 1998",3,23.39,Godos Cocina Típica,C/ Romero 33,Sevilla,NULL,41101,Spain
10963,FURIB,9,"Thursday, March 19, 1998","Thursday, April 16, 1998","Thursday, March 26, 1998",3,2.7,Furia Bacalhau e Frutos do Mar,Jardim das rosas n. 32,Lisboa,NULL,1675,Portugal
10972,LACOR,4,"Tuesday, March 24, 1998","Tuesday, April 21, 1998","Thursday, March 26, 1998",2,0.02,La corne d'abondance,67 avenue de l'Europe,Versailles,NULL,78000,France
10911,GODOS,3,"Thursday, February 26, 1998","Thursday, March 26, 1998","Thursday, March 5, 1998",1,38.19,Godos Cocina Típica,C/ Romero 33,Sevilla,NULL,41101,Spain
10922,HANAR,5,"Tuesday, March 3, 1998","Tuesday, March 31, 1998","Thursday, March 5, 1998",3,62.74,Hanari Carnes,Rua do Paço 67,Rio de Janeiro,RJ,05454-876,Brazil
10463,SUPRD,5,"Tuesday, March 4, 1997","Tuesday, April 1, 1997","Thursday, March 6, 1997",3,14.78,Suprêmes délices,Boulevard Tirou 255,Charleroi,NULL,B-6000,Belgium
10516,HUNGO,2,"Thursday, April 24, 1997","Thursday, May 22, 1997","Thursday, May 1, 1997",3,62.78,Hungry Owl All-Night Grocers,8 Johnstown Road,Cork,Co. Cork,NULL,Ireland
10519,CHOPS,6,"Monday, April 28, 1997","Monday, May 26, 1997","Thursday, May 1, 1997",3,91.76,Chop-suey Chinese,Hauptstr. 31,Bern,NULL,3012,Switzerland
10520,SANTG,7,"Tuesday, April 29, 1997","Tuesday, May 27, 1997","Thursday, May 1, 1997",1,13.37,Santé Gourmet,Erling Skakkes gate 78,Stavern,NULL,4110,Norway
10526,WARTH,4,"Monday, May 5, 1997","Monday, June 2, 1997","Thursday, May 15, 1997",2,58.59,Wartian Herkku,Torikatu 38,Oulu,NULL,90110,Finland
10533,FOLKO,8,"Monday, May 12, 1997","Monday, June 9, 1997","Thursday, May 22, 1997",1,188.04,Folk och fä HB,Åkergatan 24,Bräcke,NULL,S-844 67,Sweden
10541,HANAR,2,"Monday, May 19, 1997","Monday, June 16, 1997","Thursday, May 29, 1997",1,68.65,Hanari Carnes,Rua do Paço 67,Rio de Janeiro,RJ,05454-876,Brazil
10709,GOURL,1,"Friday, October 17, 1997","Friday, November 14, 1997","Thursday, November 20, 1997",3,210.8,Gourmet Lanchonetes,Av. Brasil 442,Campinas,SP,04876-786,Brazil
10745,QUICK,9,"Tuesday, November 18, 1997","Tuesday, December 16, 1997","Thursday, November 27, 1997",1,3.52,QUICK-Stop,Taucherstraße 10,Cunewalde,NULL,01307,Germany
10753,FRANS,3,"Tuesday, November 25, 1997","Tuesday, December 23, 1997","Thursday, November 27, 1997",1,7.7,Franchi S.p.A.,Via Monte Bianco 34,Torino,NULL,10100,Italy
10754,MAGAA,6,"Tuesday, November 25, 1997","Tuesday, December 23, 1997","Thursday, November 27, 1997",3,2.38,Magazzini Alimentari Riuniti,Via Ludovico il Moro 22,Bergamo,NULL,24100,Italy
10362,BONAP,3,"Monday, November 25, 1996","Monday, December 23, 1996","Thursday, November 28, 1996",1,96.04,Bon app',12 rue des Bouchers,Marseille,NULL,13008,France
10317,LONEP,6,"Monday, September 30, 1996","Monday, October 28, 1996","Thursday, October 10, 1996",1,12.69,Lonesome Pine Restaurant,89 Chiaroscuro Rd.,Portland,OR,97219,USA
10324,SAVEA,9,"Tuesday, October 8, 1996","Tuesday, November 5, 1996","Thursday, October 10, 1996",1,214.27,Save-a-lot Markets,187 Suffolk Ln.,Boise,ID,83720,USA
10678,SAVEA,7,"Tuesday, September 23, 1997","Tuesday, October 21, 1997","Thursday, October 16, 1997",3,388.98,Save-a-lot Markets,187 Suffolk Ln.,Boise,ID,83720,USA
10700,SAVEA,3,"Friday, October 10, 1997","Friday, November 7, 1997","Thursday, October 16, 1997",1,65.1,Save-a-lot Markets,187 Suffolk Ln.,Boise,ID,83720,USA
10328,FURIB,4,"Monday, October 14, 1996","Monday, November 11, 1996","Thursday, October 17, 1996",3,87.03,Furia Bacalhau e Frutos do Mar,Jardim das rosas n. 32,Lisboa,NULL,1675,Portugal
10707,AROUT,4,"Thursday, October 16, 1997","Thursday, October 30, 1997","Thursday, October 23, 1997",3,21.74,Around the Horn,Brook Farm Stratford St. Mary,Colchester,Essex,CO7 6JX,UK
10710,FRANS,1,"Monday, October 20, 1997","Monday, November 17, 1997","Thursday, October 23, 1997",1,4.98,Franchi S.p.A.,Via Monte Bianco 34,Torino,NULL,10100,Italy
10335,HUNGO,7,"Tuesday, October 22, 1996","Tuesday, November 19, 1996","Thursday, October 24, 1996",2,42.11,Hungry Owl All-Night Grocers,8 Johnstown Road,Cork,Co. Cork,NULL,Ireland
10312,WANDK,2,"Monday, September 23, 1996","Monday, October 21, 1996","Thursday, October 3, 1996",2,40.26,Die Wandernde Kuh,Adenauerallee 900,Stuttgart,NULL,70563,Germany
10315,ISLAT,4,"Thursday, September 26, 1996","Thursday, October 24, 1996","Thursday, October 3, 1996",2,41.76,Island Trading,Garden House Crowther Way,Cowes,Isle of Wight,PO31 7PJ,UK
10687,HUNGO,9,"Tuesday, September 30, 1997","Tuesday, October 28, 1997","Thursday, October 30, 1997",2,296.43,Hungry Owl All-Night Grocers,8 Johnstown Road,Cork,Co. Cork,NULL,Ireland
10694,QUICK,8,"Monday, October 6, 1997","Monday, November 3, 1997","Thursday, October 9, 1997",3,398.36,QUICK-Stop,Taucherstraße 10,Cunewalde,NULL,01307,Germany
10651,WANDK,8,"Monday, September 1, 1997","Monday, September 29, 1997","Thursday, September 11, 1997",2,20.6,Die Wandernde Kuh,Adenauerallee 900,Stuttgart,NULL,70563,Germany
10654,BERGS,5,"Tuesday, September 2, 1997","Tuesday, September 30, 1997","Thursday, September 11, 1997",1,55.26,Berglunds snabbköp,Berguvsvägen 8,Luleå,NULL,S-958 22,Sweden
10655,REGGC,1,"Wednesday, September 3, 1997","Wednesday, October 1, 1997","Thursday, September 11, 1997",2,4.41,Reggiani Caseifici,Strada Provinciale 124,Reggio Emilia,NULL,42100,Italy
10280,BERGS,2,"Wednesday, August 14, 1996","Wednesday, September 11, 1996","Thursday, September 12, 1996",1,8.98,Berglunds snabbköp,Berguvsvägen 8,Luleå,NULL,S-958 22,Sweden
10662,LONEP,3,"Tuesday, September 9, 1997","Tuesday, October 7, 1997","Thursday, September 18, 1997",2,1.28,Lonesome Pine Restaurant,89 Chiaroscuro Rd.,Portland,OR,97219,USA
10670,FRANK,4,"Tuesday, September 16, 1997","Tuesday, October 14, 1997","Thursday, September 18, 1997",1,203.48,Frankenversand,Berliner Platz 43,München,NULL,80805,Germany
10311,DUMON,1,"Friday, September 20, 1996","Friday, October 4, 1996","Thursday, September 26, 1996",3,24.69,Du monde entier,67 rue des Cinquante Otages,Nantes,NULL,44000,France
10294,RATTC,4,"Friday, August 30, 1996","Friday, September 27, 1996","Thursday, September 5, 1996",2,147.26,Rattlesnake Canyon Grocery,2817 Milton Dr.,Albuquerque,NM,87110,USA
10484,BSBEV,3,"Monday, March 24, 1997","Monday, April 21, 1997","Tuesday, April 1, 1997",3,6.88,B's Beverages,Fauntleroy Circus,London,NULL,EC2 5NT,UK
11000,RATTC,2,"Monday, April 6, 1998","Monday, May 4, 1998","Tuesday, April 14, 1998",3,55.12,Rattlesnake Canyon Grocery,2817 Milton Dr.,Albuquerque,NM,87110,USA
11001,FOLKO,2,"Monday, April 6, 1998","Monday, May 4, 1998","Tuesday, April 14, 1998",2,197.3,Folk och fä HB,Åkergatan 24,Bräcke,NULL,S-844 67,Sweden
10986,OCEAN,8,"Monday, March 30, 1998","Monday, April 27, 1998","Tuesday, April 21, 1998",2,217.86,Océano Atlántico Ltda.,Ing. Gustavo Moncada 8585 Piso 20-A,Buenos Aires,NULL,1010,Argentina
11010,REGGC,2,"Thursday, April 9, 1998","Thursday, May 7, 1998","Tuesday, April 21, 1998",2,28.71,Reggiani Caseifici,Strada Provinciale 124,Reggio Emilia,NULL,42100,Italy
11021,QUICK,3,"Tuesday, April 14, 1998","Tuesday, May 12, 1998","Tuesday, April 21, 1998",1,297.18,QUICK-Stop,Taucherstraße 10,Cunewalde,NULL,01307,Germany
10507,ANTON,7,"Tuesday, April 15, 1997","Tuesday, May 13, 1997","Tuesday, April 22, 1997",1,47.45,Antonio Moreno Taquería,Mataderos 2312,México D.F.,NULL,05023,Mexico
11026,FRANS,4,"Wednesday, April 15, 1998","Wednesday, May 13, 1998","Tuesday, April 28, 1998",1,47.09,Franchi S.p.A.,Via Monte Bianco 34,Torino,NULL,10100,Italy
11041,CHOPS,3,"Wednesday, April 22, 1998","Wednesday, May 20, 1998","Tuesday, April 28, 1998",2,48.22,Chop-suey Chinese,Hauptstr. 31,Bern,NULL,3012,Switzerland
10502,PERIC,2,"Thursday, April 10, 1997","Thursday, May 8, 1997","Tuesday, April 29, 1997",1,69.32,Pericles Comidas clásicas,Calle Dr. Jorge Cash 321,México D.F.,NULL,05033,Mexico
10509,BLAUS,4,"Thursday, April 17, 1997","Thursday, May 15, 1997","Tuesday, April 29, 1997",1,0.15,Blauer See Delikatessen,Forsterstr. 57,Mannheim,NULL,68306,Germany
10517,NORTS,3,"Thursday, April 24, 1997","Thursday, May 22, 1997","Tuesday, April 29, 1997",3,32.07,North/South,South House 300 Queensbridge,London,NULL,SW7 1RZ,UK
10951,RICSU,9,"Monday, March 16, 1998","Monday, April 27, 1998","Tuesday, April 7, 1998",2,30.85,Richter Supermarkt,Starenweg 5,Genève,NULL,1204,Switzerland
10990,ERNSH,2,"Wednesday, April 1, 1998","Wednesday, May 13, 1998","Tuesday, April 7, 1998",3,117.61,Ernst Handel,Kirchgasse 6,Graz,NULL,8010,Austria
10991,QUICK,1,"Wednesday, April 1, 1998","Wednesday, April 29, 1998","Tuesday, April 7, 1998",1,38.51,QUICK-Stop,Taucherstraße 10,Cunewalde,NULL,01307,Germany
10491,FURIB,8,"Monday, March 31, 1997","Monday, April 28, 1997","Tuesday, April 8, 1997",3,16.96,Furia Bacalhau e Frutos do Mar,Jardim das rosas n. 32,Lisboa,NULL,1675,Portugal
10596,WHITC,8,"Friday, July 11, 1997","Friday, August 8, 1997","Tuesday, August 12, 1997",1,16.34,White Clover Markets,1029 - 12th Ave. S.,Seattle,WA,98124,USA
10623,FRANK,8,"Thursday, August 7, 1997","Thursday, September 4, 1997","Tuesday, August 12, 1997",2,97.18,Frankenversand,Berliner Platz 43,München,NULL,80805,Germany
10277,MORGK,2,"Friday, August 9, 1996","Friday, September 6, 1996","Tuesday, August 13, 1996",3,125.77,Morgenstern Gesundkost,Heerstr. 22,Leipzig,NULL,04179,Germany
10624,THECR,4,"Thursday, August 7, 1997","Thursday, September 4, 1997","Tuesday, August 19, 1997",2,94.8,The Cracker Box,55 Grizzly Peak Rd.,Butte,MT,59801,USA
10630,KOENE,1,"Wednesday, August 13, 1997","Wednesday, September 10, 1997","Tuesday, August 19, 1997",2,32.35,Königlich Essen,Maubelstr. 90,Brandenburg,NULL,14776,Germany
10632,WANDK,8,"Thursday, August 14, 1997","Thursday, September 11, 1997","Tuesday, August 19, 1997",1,41.38,Die Wandernde Kuh,Adenauerallee 900,Stuttgart,NULL,70563,Germany
10636,WARTH,4,"Tuesday, August 19, 1997","Tuesday, September 16, 1997","Tuesday, August 26, 1997",1,1.15,Wartian Herkku,Torikatu 38,Oulu,NULL,90110,Finland
10637,QUEEN,6,"Tuesday, August 19, 1997","Tuesday, September 16, 1997","Tuesday, August 26, 1997",1,201.29,Queen Cozinha,Alameda dos Canàrios 891,Sao Paulo,SP,05487-020,Brazil
10641,HILAA,4,"Friday, August 22, 1997","Friday, September 19, 1997","Tuesday, August 26, 1997",2,179.61,HILARION-Abastos,Carrera 22 con Ave. Carlos Soublette #8-35,San Cristóbal,Táchira,5022,Venezuela
10284,LEHMS,4,"Monday, August 19, 1996","Monday, September 16, 1996","Tuesday, August 27, 1996",1,76.56,Lehmanns Marktstand,Magazinweg 7,Frankfurt a.M.,NULL,60528,Germany
10616,GREAL,1,"Thursday, July 31, 1997","Thursday, August 28, 1997","Tuesday, August 5, 1997",2,116.53,Great Lakes Food Market,2732 Baker Blvd.,Eugene,OR,97403,USA
10267,FRANK,4,"Monday, July 29, 1996","Monday, August 26, 1996","Tuesday, August 6, 1996",1,208.58,Frankenversand,Berliner Platz 43,München,NULL,80805,Germany
10272,RATTC,6,"Friday, August 2, 1996","Friday, August 30, 1996","Tuesday, August 6, 1996",2,98.03,Rattlesnake Canyon Grocery,2817 Milton Dr.,Albuquerque,NM,87110,USA
10773,ERNSH,1,"Thursday, December 11, 1997","Thursday, January 8, 1998","Tuesday, December 16, 1997",3,96.43,Ernst Handel,Kirchgasse 6,Graz,NULL,8010,Austria
10756,SPLIR,8,"Thursday, November 27, 1997","Thursday, December 25, 1997","Tuesday, December 2, 1997",2,73.21,Split Rail Beer & Ale,P.O. Box 555,Lander,WY,82520,USA
10786,QUEEN,8,"Friday, December 19, 1997","Friday, January 16, 1998","Tuesday, December 23, 1997",1,110.87,Queen Cozinha,Alameda dos Canàrios 891,Sao Paulo,SP,05487-020,Brazil
10371,LAMAI,1,"Tuesday, December 3, 1996","Tuesday, December 31, 1996","Tuesday, December 24, 1996",1,0.45,La maison d'Asie,1 rue Alsace-Lorraine,Toulouse,NULL,31000,France
10389,BOTTM,4,"Friday, December 20, 1996","Friday, January 17, 1997","Tuesday, December 24, 1996",2,47.42,Bottom-Dollar Markets,23 Tsawassen Blvd.,Tsawassen,BC,T2F 8M4,Canada
10350,LAMAI,6,"Monday, November 11, 1996","Monday, December 9, 1996","Tuesday, December 3, 1996",2,64.19,La maison d'Asie,1 rue Alsace-Lorraine,Toulouse,NULL,31000,France
10361,QUICK,1,"Friday, November 22, 1996","Friday, December 20, 1996","Tuesday, December 3, 1996",2,183.17,QUICK-Stop,Taucherstraße 10,Cunewalde,NULL,01307,Germany
10391,DRACD,3,"Monday, December 23, 1996","Monday, January 20, 1997","Tuesday, December 31, 1996",3,5.45,Drachenblut Delikatessen,Walserweg 21,Aachen,NULL,52066,Germany
10762,FOLKO,3,"Tuesday, December 2, 1997","Tuesday, December 30, 1997","Tuesday, December 9, 1997",1,328.74,Folk och fä HB,Åkergatan 24,Bräcke,NULL,S-844 67,Sweden
10765,QUICK,3,"Thursday, December 4, 1997","Thursday, January 1, 1998","Tuesday, December 9, 1997",3,42.74,QUICK-Stop,Taucherstraße 10,Cunewalde,NULL,01307,Germany
10766,OTTIK,4,"Friday, December 5, 1997","Friday, January 2, 1998","Tuesday, December 9, 1997",1,157.55,Ottilies Käseladen,Mehrheimerstr. 369,Köln,NULL,50739,Germany
10847,SAVEA,4,"Thursday, January 22, 1998","Thursday, February 5, 1998","Tuesday, February 10, 1998",3,487.57,Save-a-lot Markets,187 Suffolk Ln.,Boise,ID,83720,USA
10856,ANTON,3,"Wednesday, January 28, 1998","Wednesday, February 25, 1998","Tuesday, February 10, 1998",2,58.43,Antonio Moreno Taquería,Mataderos 2312,México D.F.,NULL,05023,Mexico
10871,BONAP,9,"Thursday, February 5, 1998","Thursday, March 5, 1998","Tuesday, February 10, 1998",2,112.27,Bon app',12 rue des Bouchers,Marseille,NULL,13008,France
10436,BLONP,3,"Wednesday, February 5, 1997","Wednesday, March 5, 1997","Tuesday, February 11, 1997",2,156.66,Blondel père et fils,24 place Kléber,Strasbourg,NULL,67000,France
10861,WHITC,4,"Friday, January 30, 1998","Friday, February 27, 1998","Tuesday, February 17, 1998",2,14.93,White Clover Markets,1029 - 12th Ave. S.,Seattle,WA,98124,USA
10863,HILAA,4,"Monday, February 2, 1998","Monday, March 2, 1998","Tuesday, February 17, 1998",2,30.26,HILARION-Abastos,Carrera 22 con Ave. Carlos Soublette #8-35,San Cristóbal,Táchira,5022,Venezuela
10442,ERNSH,3,"Tuesday, February 11, 1997","Tuesday, March 11, 1997","Tuesday, February 18, 1997",2,47.94,Ernst Handel,Kirchgasse 6,Graz,NULL,8010,Austria
10454,LAMAI,4,"Friday, February 21, 1997","Friday, March 21, 1997","Tuesday, February 25, 1997",3,2.74,La maison d'Asie,1 rue Alsace-Lorraine,Toulouse,NULL,31000,France
10853,BLAUS,9,"Tuesday, January 27, 1998","Tuesday, February 24, 1998","Tuesday, February 3, 1998",2,53.83,Blauer See Delikatessen,Forsterstr. 57,Mannheim,NULL,68306,Germany
10858,LACOR,2,"Thursday, January 29, 1998","Thursday, February 26, 1998","Tuesday, February 3, 1998",1,52.51,La corne d'abondance,67 avenue de l'Europe,Versailles,NULL,78000,France
10428,REGGC,7,"Tuesday, January 28, 1997","Tuesday, February 25, 1997","Tuesday, February 4, 1997",1,11.09,Reggiani Caseifici,Strada Provinciale 124,Reggio Emilia,NULL,42100,Italy
10817,KOENE,3,"Tuesday, January 6, 1998","Tuesday, January 20, 1998","Tuesday, January 13, 1998",2,306.07,Königlich Essen,Maubelstr. 90,Brandenburg,NULL,14776,Germany
10820,RATTC,3,"Wednesday, January 7, 1998","Wednesday, February 4, 1998","Tuesday, January 13, 1998",2,37.52,Rattlesnake Canyon Grocery,2817 Milton Dr.,Albuquerque,NM,87110,USA
10823,LILAS,5,"Friday, January 9, 1998","Friday, February 6, 1998","Tuesday, January 13, 1998",2,163.97,LILA-Supermercado,Carrera 52 con Ave. Bolívar #65-98 Llano Largo,Barquisimeto,Lara,3508,Venezuela
10408,FOLIG,8,"Wednesday, January 8, 1997","Wednesday, February 5, 1997","Tuesday, January 14, 1997",1,11.26,Folies gourmandes,184 chaussée de Tournai,Lille,NULL,59000,France
10409,OCEAN,3,"Thursday, January 9, 1997","Thursday, February 6, 1997","Tuesday, January 14, 1997",1,29.83,Océano Atlántico Ltda.,Ing. Gustavo Moncada 8585 Piso 20-A,Buenos Aires,NULL,1010,Argentina
10795,ERNSH,8,"Wednesday, December 24, 1997","Wednesday, January 21, 1998","Tuesday, January 20, 1998",2,126.66,Ernst Handel,Kirchgasse 6,Graz,NULL,8010,Austria
10411,BOTTM,9,"Friday, January 10, 1997","Friday, February 7, 1997","Tuesday, January 21, 1997",3,23.65,Bottom-Dollar Markets,23 Tsawassen Blvd.,Tsawassen,BC,T2F 8M4,Canada
10417,SIMOB,4,"Thursday, January 16, 1997","Thursday, February 13, 1997","Tuesday, January 28, 1997",3,70.29,Simons bistro,Vinbæltet 34,Kobenhavn,NULL,1734,Denmark
10803,WELLI,4,"Tuesday, December 30, 1997","Tuesday, January 27, 1998","Tuesday, January 6, 1998",1,55.23,Wellington Importadora,Rua do Mercado 12,Resende,SP,08737-363,Brazil
10580,OTTIK,4,"Thursday, June 26, 1997","Thursday, July 24, 1997","Tuesday, July 1, 1997",3,75.89,Ottilies Käseladen,Mehrheimerstr. 369,Köln,NULL,50739,Germany
10248,VINET,5,"Thursday, July 4, 1996","Thursday, August 1, 1996","Tuesday, July 16, 1996",3,32.38,Vins et alcools Chevalier,59 rue de l'Abbaye,Reims,NULL,51100,France
10253,HANAR,3,"Wednesday, July 10, 1996","Wednesday, July 24, 1996","Tuesday, July 16, 1996",2,58.17,Hanari Carnes,Rua do Paço 67,Rio de Janeiro,RJ,05454-876,Brazil
10601,HILAA,7,"Wednesday, July 16, 1997","Wednesday, August 27, 1997","Tuesday, July 22, 1997",1,58.3,HILARION-Abastos,Carrera 22 con Ave. Carlos Soublette #8-35,San Cristóbal,Táchira,5022,Venezuela
10602,VAFFE,8,"Thursday, July 17, 1997","Thursday, August 14, 1997","Tuesday, July 22, 1997",2,2.92,Vaffeljernet,Smagsloget 45,Århus,NULL,8200,Denmark
10254,CHOPS,5,"Thursday, July 11, 1996","Thursday, August 8, 1996","Tuesday, July 23, 1996",2,22.98,Chop-suey Chinese,Hauptstr. 31,Bern,NULL,3012,Switzerland
10258,ERNSH,1,"Wednesday, July 17, 1996","Wednesday, August 14, 1996","Tuesday, July 23, 1996",1,140.51,Ernst Handel,Kirchgasse 6,Graz,NULL,8010,Austria
10604,FURIB,1,"Friday, July 18, 1997","Friday, August 15, 1997","Tuesday, July 29, 1997",1,7.46,Furia Bacalhau e Frutos do Mar,Jardim das rosas n. 32,Lisboa,NULL,1675,Portugal
10605,MEREP,1,"Monday, July 21, 1997","Monday, August 18, 1997","Tuesday, July 29, 1997",2,379.13,Mère Paillarde,43 rue St. Laurent,Montréal,Québec,H1J 1C3,Canada
10261,QUEDE,4,"Friday, July 19, 1996","Friday, August 16, 1996","Tuesday, July 30, 1996",2,3.05,Que Delícia,Rua da Panificadora 12,Rio de Janeiro,RJ,02389-673,Brazil
10558,AROUT,1,"Wednesday, June 4, 1997","Wednesday, July 2, 1997","Tuesday, June 10, 1997",2,72.97,Around the Horn,Brook Farm Stratford St. Mary,Colchester,Essex,CO7 6JX,UK
10567,HUNGO,1,"Thursday, June 12, 1997","Thursday, July 10, 1997","Tuesday, June 17, 1997",1,33.97,Hungry Owl All-Night Grocers,8 Johnstown Road,Cork,Co. Cork,NULL,Ireland
10563,RICAR,2,"Tuesday, June 10, 1997","Tuesday, July 22, 1997","Tuesday, June 24, 1997",2,60.43,Ricardo Adocicados,Av. Copacabana 267,Rio de Janeiro,RJ,02389-890,Brazil
10553,WARTH,2,"Friday, May 30, 1997","Friday, June 27, 1997","Tuesday, June 3, 1997",2,149.49,Wartian Herkku,Torikatu 38,Oulu,NULL,90110,Finland
10909,SANTG,1,"Thursday, February 26, 1998","Thursday, March 26, 1998","Tuesday, March 10, 1998",2,53.05,Santé Gourmet,Erling Skakkes gate 78,Stavern,NULL,4110,Norway
10450,VICTE,8,"Wednesday, February 19, 1997","Wednesday, March 19, 1997","Tuesday, March 11, 1997",2,7.23,Victuailles en stock,2 rue du Commerce,Lyon,NULL,69004,France
10467,MAGAA,8,"Thursday, March 6, 1997","Thursday, April 3, 1997","Tuesday, March 11, 1997",2,4.93,Magazzini Alimentari Riuniti,Via Ludovico il Moro 22,Bergamo,NULL,24100,Italy
10949,BOTTM,2,"Friday, March 13, 1998","Friday, April 10, 1998","Tuesday, March 17, 1998",3,74.44,Bottom-Dollar Markets,23 Tsawassen Blvd.,Tsawassen,BC,T2F 8M4,Canada
10462,CONSH,2,"Monday, March 3, 1997","Monday, March 31, 1997","Tuesday, March 18, 1997",1,6.17,Consolidated Holdings,Berkeley Gardens 12 Brewery,London,NULL,WX1 6LT,UK
10471,BSBEV,2,"Tuesday, March 11, 1997","Tuesday, April 8, 1997","Tuesday, March 18, 1997",3,45.59,B's Beverages,Fauntleroy Circus,London,NULL,EC2 5NT,UK
10932,BONAP,8,"Friday, March 6, 1998","Friday, April 3, 1998","Tuesday, March 24, 1998",1,134.64,Bon app',12 rue des Bouchers,Marseille,NULL,13008,France
10952,ALFKI,1,"Monday, March 16, 1998","Monday, April 27, 1998","Tuesday, March 24, 1998",1,40.42,Alfred's Futterkiste,Obere Str. 57,Berlin,NULL,12209,Germany
10964,SPECD,3,"Friday, March 20, 1998","Friday, April 17, 1998","Tuesday, March 24, 1998",2,87.38,Spécialités du monde,25 rue Lauriston,Paris,NULL,75016,France
10477,PRINI,5,"Monday, March 17, 1997","Monday, April 14, 1997","Tuesday, March 25, 1997",2,13.02,Princesa Isabel Vinhos,Estrada da saúde n. 58,Lisboa,NULL,1756,Portugal
10481,RICAR,8,"Thursday, March 20, 1997","Thursday, April 17, 1997","Tuesday, March 25, 1997",2,64.33,Ricardo Adocicados,Av. Copacabana 267,Rio de Janeiro,RJ,02389-890,Brazil
10875,BERGS,4,"Friday, February 6, 1998","Friday, March 6, 1998","Tuesday, March 3, 1998",2,32.37,Berglunds snabbköp,Berguvsvägen 8,Luleå,NULL,S-958 22,Sweden
10902,FOLKO,1,"Monday, February 23, 1998","Monday, March 23, 1998","Tuesday, March 3, 1998",1,44.15,Folk och fä HB,Åkergatan 24,Bräcke,NULL,S-844 67,Sweden
10906,WOLZA,4,"Wednesday, February 25, 1998","Wednesday, March 11, 1998","Tuesday, March 3, 1998",3,26.29,Wolski Zajazd,ul. Filtrowa 68,Warszawa,NULL,01-012,Poland
10979,ERNSH,8,"Thursday, March 26, 1998","Thursday, April 23, 1998","Tuesday, March 31, 1998",2,353.07,Ernst Handel,Kirchgasse 6,Graz,NULL,8010,Austria
10433,PRINI,3,"Monday, February 3, 1997","Monday, March 3, 1997","Tuesday, March 4, 1997",3,73.83,Princesa Isabel Vinhos,Estrada da saúde n. 58,Lisboa,NULL,1756,Portugal
10458,SUPRD,7,"Wednesday, February 26, 1997","Wednesday, March 26, 1997","Tuesday, March 4, 1997",3,147.06,Suprêmes délices,Boulevard Tirou 255,Charleroi,NULL,B-6000,Belgium
10508,OTTIK,1,"Wednesday, April 16, 1997","Wednesday, May 14, 1997","Tuesday, May 13, 1997",2,4.99,Ottilies Käseladen,Mehrheimerstr. 369,Köln,NULL,50739,Germany
10546,VICTE,1,"Friday, May 23, 1997","Friday, June 20, 1997","Tuesday, May 27, 1997",3,194.72,Victuailles en stock,2 rue du Commerce,Lyon,NULL,69004,France
11050,FOLKO,8,"Monday, April 27, 1998","Monday, May 25, 1998","Tuesday, May 5, 1998",2,59.41,Folk och fä HB,Åkergatan 24,Bräcke,NULL,S-844 67,Sweden
11055,HILAA,7,"Tuesday, April 28, 1998","Tuesday, May 26, 1998","Tuesday, May 5, 1998",2,120.92,HILARION-Abastos,Carrera 22 con Ave. Carlos Soublette #8-35,San Cristóbal,Táchira,5022,Venezuela
10522,LEHMS,4,"Wednesday, April 30, 1997","Wednesday, May 28, 1997","Tuesday, May 6, 1997",1,45.33,Lehmanns Marktstand,Magazinweg 7,Frankfurt a.M.,NULL,60528,Germany
10728,QUEEN,4,"Tuesday, November 4, 1997","Tuesday, December 2, 1997","Tuesday, November 11, 1997",2,58.33,Queen Cozinha,Alameda dos Canàrios 891,Sao Paulo,SP,05487-020,Brazil
10705,HILAA,9,"Wednesday, October 15, 1997","Wednesday, November 12, 1997","Tuesday, November 18, 1997",2,3.52,HILARION-Abastos,Carrera 22 con Ave. Carlos Soublette #8-35,San Cristóbal,Táchira,5022,Venezuela
10737,VINET,2,"Tuesday, November 11, 1997","Tuesday, December 9, 1997","Tuesday, November 18, 1997",2,7.79,Vins et alcools Chevalier,59 rue de l'Abbaye,Reims,NULL,51100,France
10738,SPECD,2,"Wednesday, November 12, 1997","Wednesday, December 10, 1997","Tuesday, November 18, 1997",1,2.91,Spécialités du monde,25 rue Lauriston,Paris,NULL,75016,France
10741,AROUT,4,"Friday, November 14, 1997","Friday, November 28, 1997","Tuesday, November 18, 1997",3,10.96,Around the Horn,Brook Farm Stratford St. Mary,Colchester,Essex,CO7 6JX,UK
10742,BOTTM,3,"Friday, November 14, 1997","Friday, December 12, 1997","Tuesday, November 18, 1997",3,243.73,Bottom-Dollar Markets,23 Tsawassen Blvd.,Tsawassen,BC,T2F 8M4,Canada
10723,WHITC,3,"Thursday, October 30, 1997","Thursday, November 27, 1997","Tuesday, November 25, 1997",1,21.72,White Clover Markets,1029 - 12th Ave. S.,Seattle,WA,98124,USA
10740,WHITC,4,"Thursday, November 13, 1997","Thursday, December 11, 1997","Tuesday, November 25, 1997",2,81.88,White Clover Markets,1029 - 12th Ave. S.,Seattle,WA,98124,USA
10359,SEVES,5,"Thursday, November 21, 1996","Thursday, December 19, 1996","Tuesday, November 26, 1996",3,288.43,Seven Seas Imports,90 Wadhurst Rd.,London,NULL,OX15 4NB,UK
10722,SAVEA,8,"Wednesday, October 29, 1997","Wednesday, December 10, 1997","Tuesday, November 4, 1997",1,74.58,Save-a-lot Markets,187 Suffolk Ln.,Boise,ID,83720,USA
10341,SIMOB,7,"Tuesday, October 29, 1996","Tuesday, November 26, 1996","Tuesday, November 5, 1996",3,26.78,Simons bistro,Vinbæltet 34,Kobenhavn,NULL,1734,Denmark
10344,WHITC,4,"Friday, November 1, 1996","Friday, November 29, 1996","Tuesday, November 5, 1996",2,23.29,White Clover Markets,1029 - 12th Ave. S.,Seattle,WA,98124,USA
10695,WILMK,7,"Tuesday, October 7, 1997","Tuesday, November 18, 1997","Tuesday, October 14, 1997",1,16.72,Wilman Kala,Keskuskatu 45,Helsinki,NULL,21240,Finland
10696,WHITC,8,"Wednesday, October 8, 1997","Wednesday, November 19, 1997","Tuesday, October 14, 1997",3,102.55,White Clover Markets,1029 - 12th Ave. S.,Seattle,WA,98124,USA
10697,LINOD,3,"Wednesday, October 8, 1997","Wednesday, November 5, 1997","Tuesday, October 14, 1997",1,45.52,LINO-Delicateses,Ave. 5 de Mayo Porlamar,I. de Margarita,Nueva Esparta,4980,Venezuela
10702,ALFKI,4,"Monday, October 13, 1997","Monday, November 24, 1997","Tuesday, October 21, 1997",1,23.94,Alfred's Futterkiste,Obere Str. 57,Berlin,NULL,12209,Germany
10706,OLDWO,8,"Thursday, October 16, 1997","Thursday, November 13, 1997","Tuesday, October 21, 1997",3,135.63,Old World Delicatessen,2743 Bering St.,Anchorage,AK,99508,USA
10337,FRANK,4,"Thursday, October 24, 1996","Thursday, November 21, 1996","Tuesday, October 29, 1996",3,108.26,Frankenversand,Berliner Platz 43,München,NULL,80805,Germany
10338,OLDWO,4,"Friday, October 25, 1996","Friday, November 22, 1996","Tuesday, October 29, 1996",3,84.21,Old World Delicatessen,2743 Bering St.,Anchorage,AK,99508,USA
10688,VAFFE,4,"Wednesday, October 1, 1997","Wednesday, October 15, 1997","Tuesday, October 7, 1997",2,299.09,Vaffeljernet,Smagsloget 45,Århus,NULL,8200,Denmark
10689,BERGS,1,"Wednesday, October 1, 1997","Wednesday, October 29, 1997","Tuesday, October 7, 1997",2,13.42,Berglunds snabbköp,Berguvsvägen 8,Luleå,NULL,S-958 22,Sweden
10316,RATTC,1,"Friday, September 27, 1996","Friday, October 25, 1996","Tuesday, October 8, 1996",3,150.15,Rattlesnake Canyon Grocery,2817 Milton Dr.,Albuquerque,NM,87110,USA
10295,VINET,2,"Monday, September 2, 1996","Monday, September 30, 1996","Tuesday, September 10, 1996",2,1.15,Vins et alcools Chevalier,59 rue de l'Abbaye,Reims,NULL,51100,France
10297,BLONP,5,"Wednesday, September 4, 1996","Wednesday, October 16, 1996","Tuesday, September 10, 1996",2,5.74,Blondel père et fils 24, place Kléber,Strasbourg,NULL,67000,France
10301,WANDK,8,"Monday, September 9, 1996","Monday, October 7, 1996","Tuesday, September 17, 1996",2,45.08,Die Wandernde Kuh,Adenauerallee 900,Stuttgart,NULL,70563,Germany
10304,TORTU,1,"Thursday, September 12, 1996","Thursday, October 10, 1996","Tuesday, September 17, 1996",2,63.79,Tortuga Restaurante,Avda. Azteca 123,México D.F.,NULL,05033,Mexico
10643,ALFKI,6,"Monday, August 25, 1997","Monday, September 22, 1997","Tuesday, September 2, 1997",1,29.46,Alfreds Futterkiste,Obere Str. 57,Berlin,NULL,12209,Germany
10645,HANAR,4,"Tuesday, August 26, 1997","Tuesday, September 23, 1997","Tuesday, September 2, 1997",1,12.41,Hanari Carnes,Rua do Paço 67,Rio de Janeiro,RJ,05454-876,Brazil
10668,WANDK,1,"Monday, September 15, 1997","Monday, October 13, 1997","Tuesday, September 23, 1997",2,47.22,Die Wandernde Kuh,Adenauerallee 900,Stuttgart,NULL,70563,Germany
10675,FRANK,5,"Friday, September 19, 1997","Friday, October 17, 1997","Tuesday, September 23, 1997",2,31.85,Frankenversand,Berliner Platz 43,München,NULL,80805,Germany
10308,ANATR,7,"Wednesday, September 18, 1996","Wednesday, October 16, 1996","Tuesday, September 24, 1996",3,1.61,Ana Trujillo Emparedados y helados,Avda. de la Constitución 2222,México D.F.,NULL,05021,Mexico
10288,REGGC,4,"Friday, August 23, 1996","Friday, September 20, 1996","Tuesday, September 3, 1996",1,7.45,Reggiani Caseifici,Strada Provinciale 124,Reggio Emilia,NULL,42100,Italy
10290,COMMI,8,"Tuesday, August 27, 1996","Tuesday, September 24, 1996","Tuesday, September 3, 1996",1,79.7,Comércio Mineiro,Av. dos Lusíadas 23,Sao Paulo,SP,05432-043,Brazil
10674,ISLAT,4,"Thursday, September 18, 1997","Thursday, October 16, 1997","Tuesday, September 30, 1997",2,0.9,Island Trading,Garden House Crowther Way,Cowes,Isle of Wight,PO31 7PJ,UK
10679,BLONP,8,"Tuesday, September 23, 1997","Tuesday, October 21, 1997","Tuesday, September 30, 1997",3,27.94,Blondel père et fils,24 place Kléber,Strasbourg,NULL,67000,France
10681,GREAL,3,"Thursday, September 25, 1997","Thursday, October 23, 1997","Tuesday, September 30, 1997",3,76.13,Great Lakes Food Market,2732 Baker Blvd.,Eugene,OR,97403,USA
10684,OTTIK,3,"Friday, September 26, 1997","Friday, October 24, 1997","Tuesday, September 30, 1997",1,145.63,Ottilies Käseladen,Mehrheimerstr. 369,Köln,NULL,50739,Germany
10648,RICAR,5,"Thursday, August 28, 1997","Thursday, October 9, 1997","Tuesday, September 9, 1997",2,14.25,Ricardo Adocicados,Av. Copacabana 267,Rio de Janeiro,RJ,02389-890,Brazil
10968,ERNSH,1,"Monday, March 23, 1998","Monday, April 20, 1998","Wednesday, April 1, 1998",3,74.6,Ernst Handel,Kirchgasse 6,Graz,NULL,8010,Austria
11006,GREAL,3,"Tuesday, April 7, 1998","Tuesday, May 5, 1998","Wednesday, April 15, 1998",2,25.19,Great Lakes Food Market,2732 Baker Blvd.,Eugene,OR,97403,USA
11014,LINOD,2,"Friday, April 10, 1998","Friday, May 8, 1998","Wednesday, April 15, 1998",3,23.6,LINO-Delicateses,Ave. 5 de Mayo Porlamar,I. de Margarita,Nueva Esparta,4980,Venezuela
10499,LILAS,4,"Tuesday, April 8, 1997","Tuesday, May 6, 1997","Wednesday, April 16, 1997",2,102.02,LILA-Supermercado,Carrera 52 con Ave. Bolívar #65-98 Llano Largo,Barquisimeto,Lara,3508,Venezuela
10501,BLAUS,9,"Wednesday, April 9, 1997","Wednesday, May 7, 1997","Wednesday, April 16, 1997",3,8.85,Blauer See Delikatessen,Forsterstr. 57,Mannheim,NULL,68306,Germany
10503,HUNGO,6,"Friday, April 11, 1997","Friday, May 9, 1997","Wednesday, April 16, 1997",2,16.74,Hungry Owl All-Night Grocers,8 Johnstown Road,Cork,Co. Cork,NULL,Ireland
10486,HILAA,1,"Wednesday, March 26, 1997","Wednesday, April 23, 1997","Wednesday, April 2, 1997",2,30.53,HILARION-Abastos,Carrera 22 con Ave. Carlos Soublette #8-35,San Cristóbal,Táchira,5022,Venezuela
10488,FRANK,8,"Thursday, March 27, 1997","Thursday, April 24, 1997","Wednesday, April 2, 1997",2,4.93,Frankenversand,Berliner Platz 43,München,NULL,80805,Germany
11028,KOENE,2,"Thursday, April 16, 1998","Thursday, May 14, 1998","Wednesday, April 22, 1998",1,29.59,Königlich Essen,Maubelstr. 90,Brandenburg,NULL,14776,Germany
11036,DRACD,8,"Monday, April 20, 1998","Monday, May 18, 1998","Wednesday, April 22, 1998",3,149.47,Drachenblut Delikatessen,Walserweg 21,Aachen,NULL,52066,Germany
11043,SPECD,5,"Wednesday, April 22, 1998","Wednesday, May 20, 1998","Wednesday, April 29, 1998",2,8.8,Spécialités du monde,25 rue Lauriston,Paris,NULL,75016,France
11053,PICCO,2,"Monday, April 27, 1998","Monday, May 25, 1998","Wednesday, April 29, 1998",2,53.05,Piccolo und mehr,Geislweg 14,Salzburg,NULL,5020,Austria
10924,BERGS,3,"Wednesday, March 4, 1998","Wednesday, April 1, 1998","Wednesday, April 8, 1998",2,151.52,Berglunds snabbköp,Berguvsvägen 8,Luleå,NULL,S-958 22,Sweden
10927,LACOR,4,"Thursday, March 5, 1998","Thursday, April 2, 1998","Wednesday, April 8, 1998",1,19.79,La corne d'abondance,67 avenue de l'Europe,Versailles,NULL,78000,France
10960,HILAA,3,"Thursday, March 19, 1998","Thursday, April 2, 1998","Wednesday, April 8, 1998",1,2.08,HILARION-Abastos,Carrera 22 con Ave. Carlos Soublette #8-35,San Cristóbal,Táchira,5022,Venezuela
10966,CHOPS,4,"Friday, March 20, 1998","Friday, April 17, 1998","Wednesday, April 8, 1998",1,27.19,Chop-suey Chinese,Hauptstr. 31,Bern,NULL,3012,Switzerland
10982,BOTTM,2,"Friday, March 27, 1998","Friday, April 24, 1998","Wednesday, April 8, 1998",1,14.01,Bottom-Dollar Markets,23 Tsawassen Blvd.,Tsawassen,BC,T2F 8M4,Canada
11003,THECR,3,"Monday, April 6, 1998","Monday, May 4, 1998","Wednesday, April 8, 1998",3,14.91,The Cracker Box,55 Grizzly Peak Rd.,Butte,MT,59801,USA
10489,PICCO,6,"Friday, March 28, 1997","Friday, April 25, 1997","Wednesday, April 9, 1997",2,5.29,Piccolo und mehr,Geislweg 14,Salzburg,NULL,5020,Austria
10494,COMMI,4,"Wednesday, April 2, 1997","Wednesday, April 30, 1997","Wednesday, April 9, 1997",2,65.99,Comércio Mineiro,Av. dos Lusíadas 23,Sao Paulo,SP,05432-043,Brazil
10593,LEHMS,7,"Wednesday, July 9, 1997","Wednesday, August 6, 1997","Wednesday, August 13, 1997",2,174.2,Lehmanns Marktstand,Magazinweg 7,Frankfurt a.M.,NULL,60528,Germany
10276,TORTU,8,"Thursday, August 8, 1996","Thursday, August 22, 1996","Wednesday, August 14, 1996",3,13.84,Tortuga Restaurante,Avda. Azteca 123,México D.F.,NULL,05033,Mexico
10626,BERGS,1,"Monday, August 11, 1997","Monday, September 8, 1997","Wednesday, August 20, 1997",2,138.69,Berglunds snabbköp,Berguvsvägen 8,Luleå,NULL,S-958 22,Sweden
10628,BLONP,4,"Tuesday, August 12, 1997","Tuesday, September 9, 1997","Wednesday, August 20, 1997",3,30.36,Blondel père et fils,24 place Kléber,Strasbourg,NULL,67000,France
10629,GODOS,4,"Tuesday, August 12, 1997","Tuesday, September 9, 1997","Wednesday, August 20, 1997",3,85.46,Godos Cocina Típica,C/ Romero 33,Sevilla,NULL,41101,Spain
10281,ROMEY,4,"Wednesday, August 14, 1996","Wednesday, August 28, 1996","Wednesday, August 21, 1996",1,2.94,Romero y tomillo,Gran Vía 1,Madrid,NULL,28001,Spain
10282,ROMEY,4,"Thursday, August 15, 1996","Thursday, September 12, 1996","Wednesday, August 21, 1996",1,12.69,Romero y tomillo,Gran Vía 1,Madrid,NULL,28001,Spain
10639,SANTG,7,"Wednesday, August 20, 1997","Wednesday, September 17, 1997","Wednesday, August 27, 1997",3,38.64,Santé Gourmet,Erling Skakkes gate 78,Stavern,NULL,4110,Norway
10287,RICAR,8,"Thursday, August 22, 1996","Thursday, September 19, 1996","Wednesday, August 28, 1996",3,12.76,Ricardo Adocicados,Av. Copacabana 267,Rio de Janeiro,RJ,02389-890,Brazil
10289,BSBEV,7,"Monday, August 26, 1996","Monday, September 23, 1996","Wednesday, August 28, 1996",3,22.77,B's Beverages,Fauntleroy Circus,London,NULL,EC2 5NT,UK
10610,LAMAI,8,"Friday, July 25, 1997","Friday, August 22, 1997","Wednesday, August 6, 1997",1,26.78,La maison d'Asie,1 rue Alsace-Lorraine,Toulouse,NULL,31000,France
10615,WILMK,2,"Wednesday, July 30, 1997","Wednesday, August 27, 1997","Wednesday, August 6, 1997",3,0.75,Wilman Kala,Keskuskatu 45,Helsinki,NULL,21240,Finland
10760,MAISD,4,"Monday, December 1, 1997","Monday, December 29, 1997","Wednesday, December 10, 1997",1,155.64,Maison Dewey,Rue Joseph-Bens 532,Bruxelles,NULL,B-1180,Belgium
10373,HUNGO,4,"Thursday, December 5, 1996","Thursday, January 2, 1997","Wednesday, December 11, 1996",3,124.12,Hungry Owl All-Night Grocers,8 Johnstown Road,Cork,Co. Cork,NULL,Ireland
10770,HANAR,8,"Tuesday, December 9, 1997","Tuesday, January 6, 1998","Wednesday, December 17, 1997",3,5.32,Hanari Carnes,Rua do Paço 67,Rio de Janeiro,RJ,05454-876,Brazil
10383,AROUT,8,"Monday, December 16, 1996","Monday, January 13, 1997","Wednesday, December 18, 1996",3,34.24,Around the Horn,Brook Farm Stratford St. Mary,Colchester,Essex,CO7 6JX,UK
10778,BERGS,3,"Tuesday, December 16, 1997","Tuesday, January 13, 1998","Wednesday, December 24, 1997",1,6.79,Berglunds snabbköp,Berguvsvägen 8,Luleå,NULL,S-958 22,Sweden
10785,GROSR,1,"Thursday, December 18, 1997","Thursday, January 15, 1998","Wednesday, December 24, 1997",3,1.51,GROSELLA-Restaurante,5ª Ave. Los Palos Grandes,Caracas,DF,1081,Venezuela
10386,FAMIA,9,"Wednesday, December 18, 1996","Wednesday, January 1, 1997","Wednesday, December 25, 1996",3,13.99,Familia Arquibaldo,Rua Orós 92,Sao Paulo,SP,05442-030,Brazil
10751,RICSU,3,"Monday, November 24, 1997","Monday, December 22, 1997","Wednesday, December 3, 1997",3,130.79,Richter Supermarkt,Starenweg 5,Genève,NULL,1204,Switzerland
10789,FOLIG,1,"Monday, December 22, 1997","Monday, January 19, 1998","Wednesday, December 31, 1997",2,100.6,Folies gourmandes,184 chaussée de Tournai,Lille,NULL,59000,France
10792,WOLZA,1,"Tuesday, December 23, 1997","Tuesday, January 20, 1998","Wednesday, December 31, 1997",3,23.79,Wolski Zajazd,ul. Filtrowa 68,Warszawa,NULL,01-012,Poland
10801,BOLID,4,"Monday, December 29, 1997","Monday, January 26, 1998","Wednesday, December 31, 1997",2,97.09,Bólido Comidas preparadas,C/ Araquil 67,Madrid,NULL,28023,Spain
10363,DRACD,4,"Tuesday, November 26, 1996","Tuesday, December 24, 1996","Wednesday, December 4, 1996",3,30.54,Drachenblut Delikatessen,Walserweg 21,Aachen,NULL,52066,Germany
10364,EASTC,1,"Tuesday, November 26, 1996","Tuesday, January 7, 1997","Wednesday, December 4, 1996",1,71.97,Eastern Connection,35 King George,London,NULL,WX3 6FW,UK
10867,LONEP,6,"Tuesday, February 3, 1998","Tuesday, March 17, 1998","Wednesday, February 11, 1998",1,1.93,Lonesome Pine Restaurant,89 Chiaroscuro Rd.,Portland,OR,97219,USA
10874,GODOS,5,"Friday, February 6, 1998","Friday, March 6, 1998","Wednesday, February 11, 1998",2,19.58,Godos Cocina Típica,C/ Romero 33,Sevilla,NULL,41101,Spain
10437,WARTH,8,"Wednesday, February 5, 1997","Wednesday, March 5, 1997","Wednesday, February 12, 1997",1,19.97,Wartian Herkku,Torikatu 38,Oulu,NULL,90110,Finland
10880,FOLKO,7,"Tuesday, February 10, 1998","Tuesday, March 24, 1998","Wednesday, February 18, 1998",1,88.01,Folk och fä HB,Åkergatan 24,Bräcke,NULL,S-844 67,Sweden
10881,CACTU,4,"Wednesday, February 11, 1998","Wednesday, March 11, 1998","Wednesday, February 18, 1998",1,2.84,Cactus Comidas para llevar,Cerrito 333,Buenos Aires,NULL,1010,Argentina
10885,SUPRD,6,"Thursday, February 12, 1998","Thursday, March 12, 1998","Wednesday, February 18, 1998",3,5.64,Suprêmes délices,Boulevard Tirou 255,Charleroi,NULL,B-6000,Belgium
10890,DUMON,7,"Monday, February 16, 1998","Monday, March 16, 1998","Wednesday, February 18, 1998",1,32.76,Du monde entier,67 rue des Cinquante Otages,Nantes,NULL,44000,France
10446,TOMSP,6,"Friday, February 14, 1997","Friday, March 14, 1997","Wednesday, February 19, 1997",1,14.68,Toms Spezialitäten,Luisenstr. 48,Münster,NULL,44087,Germany
10897,HUNGO,3,"Thursday, February 19, 1998","Thursday, March 19, 1998","Wednesday, February 25, 1998",2,603.54,Hungry Owl All-Night Grocers,8 Johnstown Road,Cork,Co. Cork,NULL,Ireland
10452,SAVEA,8,"Thursday, February 20, 1997","Thursday, March 20, 1997","Wednesday, February 26, 1997",1,140.26,Save-a-lot Markets,187 Suffolk Ln.,Boise,ID,83720,USA
10453,AROUT,1,"Friday, February 21, 1997","Friday, March 21, 1997","Wednesday, February 26, 1997",2,25.36,Around the Horn,Brook Farm Stratford St. Mary,Colchester,Essex,CO7 6JX,UK
10816,GREAL,4,"Tuesday, January 6, 1998","Tuesday, February 3, 1998","Wednesday, February 4, 1998",2,719.78,Great Lakes Food Market,2732 Baker Blvd.,Eugene,OR,97403,USA
10828,RANCH,9,"Tuesday, January 13, 1998","Tuesday, January 27, 1998","Wednesday, February 4, 1998",1,90.85,Rancho grande,Av. del Libertador 900,Buenos Aires,NULL,1010,Argentina
10855,OLDWO,3,"Tuesday, January 27, 1998","Tuesday, February 24, 1998","Wednesday, February 4, 1998",1,170.97,Old World Delicatessen,2743 Bering St.,Anchorage,AK,99508,USA
10860,FRANR,3,"Thursday, January 29, 1998","Thursday, February 26, 1998","Wednesday, February 4, 1998",3,19.26,France restauration,54 rue Royale,Nantes,NULL,44000,France
10392,PICCO,2,"Tuesday, December 24, 1996","Tuesday, January 21, 1997","Wednesday, January 1, 1997",3,122.46,Piccolo und mehr,Geislweg 14,Salzburg,NULL,5020,Austria
10779,MORGK,3,"Tuesday, December 16, 1997","Tuesday, January 13, 1998","Wednesday, January 14, 1998",2,58.13,Morgenstern Gesundkost,Heerstr. 22,Leipzig,NULL,04179,Germany
10796,HILAA,3,"Thursday, December 25, 1997","Thursday, January 22, 1998","Wednesday, January 14, 1998",1,26.52,HILARION-Abastos,Carrera 22 con Ave. Carlos Soublette #8-35,San Cristóbal,Táchira,5022,Venezuela
10814,VICTE,3,"Monday, January 5, 1998","Monday, February 2, 1998","Wednesday, January 14, 1998",3,130.94,Victuailles en stock,2 rue du Commerce,Lyon,NULL,69004,France
10815,SAVEA,2,"Monday, January 5, 1998","Monday, February 2, 1998","Wednesday, January 14, 1998",3,14.62,Save-a-lot Markets,187 Suffolk Ln.,Boise,ID,83720,USA
10825,DRACD,1,"Friday, January 9, 1998","Friday, February 6, 1998","Wednesday, January 14, 1998",1,79.25,Drachenblut Delikatessen,Walserweg 21,Aachen,NULL,52066,Germany
10410,BOTTM,3,"Friday, January 10, 1997","Friday, February 7, 1997","Wednesday, January 15, 1997",3,2.4,Bottom-Dollar Markets,23 Tsawassen Blvd.,Tsawassen,BC,T2F 8M4,Canada
10412,WARTH,8,"Monday, January 13, 1997","Monday, February 10, 1997","Wednesday, January 15, 1997",2,3.77,Wartian Herkku,Torikatu 38,Oulu,NULL,90110,Finland
10777,GOURL,7,"Monday, December 15, 1997","Monday, December 29, 1997","Wednesday, January 21, 1998",2,3.01,Gourmet Lanchonetes,Av. Brasil 442,Campinas,SP,04876-786,Brazil
10830,TRADH,4,"Tuesday, January 13, 1998","Tuesday, February 24, 1998","Wednesday, January 21, 1998",2,81.83,Tradiçao Hipermercados,Av. Inês de Castro 414,Sao Paulo,SP,05634-030,Brazil
10835,ALFKI,1,"Thursday, January 15, 1998","Thursday, February 12, 1998","Wednesday, January 21, 1998",3,69.53,Alfred's Futterkiste,Obere Str. 57,Berlin,NULL,12209,Germany
10836,ERNSH,7,"Friday, January 16, 1998","Friday, February 13, 1998","Wednesday, January 21, 1998",1,411.88,Ernst Handel,Kirchgasse 6,Graz,NULL,8010,Austria
10405,LINOD,1,"Monday, January 6, 1997","Monday, February 3, 1997","Wednesday, January 22, 1997",1,34.82,LINO-Delicateses,Ave. 5 de Mayo Porlamar,I. de Margarita,Nueva Esparta,4980,Venezuela
10804,SEVES,6,"Tuesday, December 30, 1997","Tuesday, January 27, 1998","Wednesday, January 7, 1998",2,27.33,Seven Seas Imports,90 Wadhurst Rd.,London,NULL,OX15 4NB,UK
10809,WELLI,7,"Thursday, January 1, 1998","Thursday, January 29, 1998","Wednesday, January 7, 1998",1,4.87,Wellington Importadora,Rua do Mercado 12,Resende,SP,08737-363,Brazil
10810,LAUGB,2,"Thursday, January 1, 1998","Thursday, January 29, 1998","Wednesday, January 7, 1998",3,4.33,Laughing Bacchus Wine Cellars,2319 Elm St.,Vancouver,BC,V3F 2K1,Canada
10399,VAFFE,8,"Tuesday, December 31, 1996","Tuesday, January 14, 1997","Wednesday, January 8, 1997",3,27.36,Vaffeljernet,Smagsloget 45,Århus,NULL,8200,Denmark
10404,MAGAA,2,"Friday, January 3, 1997","Friday, January 31, 1997","Wednesday, January 8, 1997",1,155.97,Magazzini Alimentari Riuniti,Via Ludovico il Moro 22,Bergamo,NULL,24100,Italy
10249,TOMSP,6,"Friday, July 5, 1996","Friday, August 16, 1996","Wednesday, July 10, 1996",1,11.61,Toms Spezialitäten,Luisenstr. 48,Münster,NULL,44087,Germany
10591,VAFFE,1,"Monday, July 7, 1997","Monday, July 21, 1997","Wednesday, July 16, 1997",1,55.92,Vaffeljernet,Smagsloget 45,Århus,NULL,8200,Denmark
10592,LEHMS,3,"Tuesday, July 8, 1997","Tuesday, August 5, 1997","Wednesday, July 16, 1997",1,32.1,Lehmanns Marktstand,Magazinweg 7,Frankfurt a.M.,NULL,60528,Germany
10594,OLDWO,3,"Wednesday, July 9, 1997","Wednesday, August 6, 1997","Wednesday, July 16, 1997",2,5.24,Old World Delicatessen,2743 Bering St.,Anchorage,AK,99508,USA
10256,WELLI,3,"Monday, July 15, 1996","Monday, August 12, 1996","Wednesday, July 17, 1996",2,13.97,Wellington Importadora,Rua do Mercado 12,Resende,SP,08737-363,Brazil
10581,FAMIA,3,"Thursday, June 26, 1997","Thursday, July 24, 1997","Wednesday, July 2, 1997",1,3.01,Familia Arquibaldo,Rua Orós 92,Sao Paulo,SP,05442-030,Brazil
10609,DUMON,7,"Thursday, July 24, 1997","Thursday, August 21, 1997","Wednesday, July 30, 1997",2,1.85,Du monde entier,67 rue des Cinquante Otages,Nantes,NULL,44000,France
10263,ERNSH,9,"Tuesday, July 23, 1996","Tuesday, August 20, 1996","Wednesday, July 31, 1996",3,146.06,Ernst Handel,Kirchgasse 6,Graz,NULL,8010,Austria
10266,WARTH,3,"Friday, July 26, 1996","Friday, September 6, 1996","Wednesday, July 31, 1996",3,25.73,Wartian Herkku,Torikatu 38,Oulu,NULL,90110,Finland
10568,GALED,3,"Friday, June 13, 1997","Friday, July 11, 1997","Wednesday, July 9, 1997",3,6.54,Galería del gastronómo,Rambla de Cataluña 23,Barcelona,NULL,8022,Spain
10586,REGGC,9,"Wednesday, July 2, 1997","Wednesday, July 30, 1997","Wednesday, July 9, 1997",1,0.48,Reggiani Caseifici,Strada Provinciale 124,Reggio Emilia,NULL,42100,Italy
10587,QUEDE,1,"Wednesday, July 2, 1997","Wednesday, July 30, 1997","Wednesday, July 9, 1997",1,62.52,Que Delícia,Rua da Panificadora 12,Rio de Janeiro,RJ,02389-673,Brazil
10565,MEREP,8,"Wednesday, June 11, 1997","Wednesday, July 9, 1997","Wednesday, June 18, 1997",2,7.15,Mère Paillarde,43 rue St. Laurent,Montréal,Québec,H1J 1C3,Canada
10566,BLONP,9,"Thursday, June 12, 1997","Thursday, July 10, 1997","Wednesday, June 18, 1997",1,88.4,Blondel père et fils,24 place Kléber,Strasbourg,NULL,67000,France
10572,BERGS,3,"Wednesday, June 18, 1997","Wednesday, July 16, 1997","Wednesday, June 25, 1997",2,116.43,Berglunds snabbköp,Berguvsvägen 8,Luleå,NULL,S-958 22,Sweden
10555,SAVEA,6,"Monday, June 2, 1997","Monday, June 30, 1997","Wednesday, June 4, 1997",3,252.49,Save-a-lot Markets,187 Suffolk Ln.,Boise,ID,83720,USA
10917,ROMEY,4,"Monday, March 2, 1998","Monday, March 30, 1998","Wednesday, March 11, 1998",2,8.29,Romero y tomillo,Gran Vía 1,Madrid,NULL,28001,Spain
10918,BOTTM,3,"Monday, March 2, 1998","Monday, March 30, 1998","Wednesday, March 11, 1998",3,48.83,Bottom-Dollar Markets,23 Tsawassen Blvd.,Tsawassen,BC,T2F 8M4,Canada
10926,ANATR,4,"Wednesday, March 4, 1998","Wednesday, April 1, 1998","Wednesday, March 11, 1998",3,39.92,Ana Trujillo Emparedados y helados,Avda. de la Constitución 2222,México D.F.,NULL,05021,Mexico
10451,QUICK,4,"Wednesday, February 19, 1997","Wednesday, March 5, 1997","Wednesday, March 12, 1997",3,189.09,QUICK-Stop,Taucherstraße 10,Cunewalde,NULL,01307,Germany
10468,KOENE,3,"Friday, March 7, 1997","Friday, April 4, 1997","Wednesday, March 12, 1997",3,44.12,Königlich Essen,Maubelstr. 90,Brandenburg,NULL,14776,Germany
10912,HUNGO,2,"Thursday, February 26, 1998","Thursday, March 26, 1998","Wednesday, March 18, 1998",2,580.91,Hungry Owl All-Night Grocers,8 Johnstown Road,Cork,Co. Cork,NULL,Ireland
10928,GALED,1,"Thursday, March 5, 1998","Thursday, April 2, 1998","Wednesday, March 18, 1998",1,1.36,Galería del gastronómo,Rambla de Cataluña 23,Barcelona,NULL,8022,Spain
10930,SUPRD,4,"Friday, March 6, 1998","Friday, April 17, 1998","Wednesday, March 18, 1998",3,15.55,Suprêmes délices,Boulevard Tirou 255,Charleroi,NULL,B-6000,Belgium
10935,WELLI,4,"Monday, March 9, 1998","Monday, April 6, 1998","Wednesday, March 18, 1998",3,47.59,Wellington Importadora,Rua do Mercado 12,Resende,SP,08737-363,Brazil
10936,GREAL,3,"Monday, March 9, 1998","Monday, April 6, 1998","Wednesday, March 18, 1998",2,33.68,Great Lakes Food Market,2732 Baker Blvd.,Eugene,OR,97403,USA
10942,REGGC,9,"Wednesday, March 11, 1998","Wednesday, April 8, 1998","Wednesday, March 18, 1998",3,17.95,Reggiani Caseifici,Strada Provinciale 124,Reggio Emilia,NULL,42100,Italy
10945,MORGK,4,"Thursday, March 12, 1998","Thursday, April 9, 1998","Wednesday, March 18, 1998",1,10.22,Morgenstern Gesundkost,Heerstr. 22,Leipzig,NULL,04179,Germany
10472,SEVES,8,"Wednesday, March 12, 1997","Wednesday, April 9, 1997","Wednesday, March 19, 1997",1,4.2,Seven Seas Imports,90 Wadhurst Rd.,London,NULL,OX15 4NB,UK
10953,AROUT,9,"Monday, March 16, 1998","Monday, March 30, 1998","Wednesday, March 25, 1998",2,23.72,Around the Horn,Brook Farm Stratford St. Mary,Colchester,Essex,CO7 6JX,UK
10478,VICTE,2,"Tuesday, March 18, 1997","Tuesday, April 1, 1997","Wednesday, March 26, 1997",3,4.81,Victuailles en stock,2 rue du Commerce,Lyon,NULL,69004,France
10900,WELLI,1,"Friday, February 20, 1998","Friday, March 20, 1998","Wednesday, March 4, 1998",2,1.66,Wellington Importadora,Rua do Mercado 12,Resende,SP,08737-363,Brazil
10903,HANAR,3,"Tuesday, February 24, 1998","Tuesday, March 24, 1998","Wednesday, March 4, 1998",3,36.71,Hanari Carnes,Rua do Paço 67,Rio de Janeiro,RJ,05454-876,Brazil
10910,WILMK,1,"Thursday, February 26, 1998","Thursday, March 26, 1998","Wednesday, March 4, 1998",3,38.11,Wilman Kala,Keskuskatu 45,Helsinki,NULL,21240,Finland
10913,QUEEN,4,"Thursday, February 26, 1998","Thursday, March 26, 1998","Wednesday, March 4, 1998",1,33.05,Queen Cozinha,Alameda dos Canàrios 891,Sao Paulo,SP,05487-020,Brazil
10919,LINOD,2,"Monday, March 2, 1998","Monday, March 30, 1998","Wednesday, March 4, 1998",2,19.8,LINO-Delicateses,Ave. 5 de Mayo Porlamar,I. de Margarita,Nueva Esparta,4980,Venezuela
10461,LILAS,1,"Friday, February 28, 1997","Friday, March 28, 1997","Wednesday, March 5, 1997",3,148.61,LILA-Supermercado,Carrera 52 con Ave. Bolívar #65-98 Llano Largo,Barquisimeto,Lara,3508,Venezuela
10534,LEHMS,8,"Monday, May 12, 1997","Monday, June 9, 1997","Wednesday, May 14, 1997",2,27.94,Lehmanns Marktstand,Magazinweg 7,Frankfurt a.M.,NULL,60528,Germany
10535,ANTON,4,"Tuesday, May 13, 1997","Tuesday, June 10, 1997","Wednesday, May 21, 1997",1,15.64,Antonio Moreno Taquería,Mataderos 2312,México D.F.,NULL,05023,Mexico
11063,HUNGO,3,"Thursday, April 30, 1998","Thursday, May 28, 1998","Wednesday, May 6, 1998",2,81.73,Hungry Owl All-Night Grocers,8 Johnstown Road,Cork,Co. Cork,NULL,Ireland
11067,DRACD,1,"Monday, May 4, 1998","Monday, May 18, 1998","Wednesday, May 6, 1998",2,7.98,Drachenblut Delikatessen,Walserweg 21,Aachen,NULL,52066,Germany
11069,TORTU,1,"Monday, May 4, 1998","Monday, June 1, 1998","Wednesday, May 6, 1998",2,15.67,Tortuga Restaurante,Avda. Azteca 123,México D.F.,NULL,05033,Mexico
10524,BERGS,1,"Thursday, May 1, 1997","Thursday, May 29, 1997","Wednesday, May 7, 1997",2,244.79,Berglunds snabbköp,Berguvsvägen 8,Luleå,NULL,S-958 22,Sweden
10527,QUICK,7,"Monday, May 5, 1997","Monday, June 2, 1997","Wednesday, May 7, 1997",1,41.9,QUICK-Stop,Taucherstraße 10,Cunewalde,NULL,01307,Germany
10734,GOURL,2,"Friday, November 7, 1997","Friday, December 5, 1997","Wednesday, November 12, 1997",3,1.63,Gourmet Lanchonetes,Av. Brasil 442,Campinas,SP,04876-786,Brazil
10351,ERNSH,1,"Monday, November 11, 1996","Monday, December 9, 1996","Wednesday, November 20, 1996",1,162.33,Ernst Handel,Kirchgasse 6,Graz,NULL,8010,Austria
10354,PERIC,8,"Thursday, November 14, 1996","Thursday, December 12, 1996","Wednesday, November 20, 1996",3,53.8,Pericles Comidas clásicas,Calle Dr. Jorge Cash 321,México D.F.,NULL,05033,Mexico
10355,AROUT,6,"Friday, November 15, 1996","Friday, December 13, 1996","Wednesday, November 20, 1996",1,41.95,Around the Horn,Brook Farm Stratford St. Mary,Colchester,Essex,CO7 6JX,UK
10747,PICCO,6,"Wednesday, November 19, 1997","Wednesday, December 17, 1997","Wednesday, November 26, 1997",1,117.33,Piccolo und mehr,Geislweg 14,Salzburg,NULL,5020,Austria
10356,WANDK,6,"Monday, November 18, 1996","Monday, December 16, 1996","Wednesday, November 27, 1996",2,36.71,Die Wandernde Kuh,Adenauerallee 900,Stuttgart,NULL,70563,Germany
10358,LAMAI,5,"Wednesday, November 20, 1996","Wednesday, December 18, 1996","Wednesday, November 27, 1996",1,19.64,La maison d'Asie,1 rue Alsace-Lorraine,Toulouse,NULL,31000,France
10708,THEBI,6,"Friday, October 17, 1997","Friday, November 28, 1997","Wednesday, November 5, 1997",2,2.96,The Big Cheese,89 Jefferson Way Suite 2,Portland,OR,97201,USA
10719,LETSS,8,"Monday, October 27, 1997","Monday, November 24, 1997","Wednesday, November 5, 1997",2,51.44,Let's Stop N Shop,87 Polk St. Suite 5,San Francisco,CA,94117,USA
10720,QUEDE,8,"Tuesday, October 28, 1997","Tuesday, November 11, 1997","Wednesday, November 5, 1997",2,9.53,Que Delícia,Rua da Panificadora 12,Rio de Janeiro,RJ,02389-673,Brazil
10724,MEREP,8,"Thursday, October 30, 1997","Thursday, December 11, 1997","Wednesday, November 5, 1997",2,57.75,Mère Paillarde,43 rue St. Laurent,Montréal,Québec,H1J 1C3,Canada
10725,FAMIA,4,"Friday, October 31, 1997","Friday, November 28, 1997","Wednesday, November 5, 1997",3,10.83,Familia Arquibaldo,Rua Orós 92,Sao Paulo,SP,05442-030,Brazil
10343,LEHMS,4,"Thursday, October 31, 1996","Thursday, November 28, 1996","Wednesday, November 6, 1996",1,110.37,Lehmanns Marktstand,Magazinweg 7,Frankfurt a.M.,NULL,60528,Germany
10682,ANTON,3,"Thursday, September 25, 1997","Thursday, October 23, 1997","Wednesday, October 1, 1997",2,36.13,Antonio Moreno Taquería,Mataderos 2312,México D.F.,NULL,05023,Mexico
10683,DUMON,2,"Friday, September 26, 1997","Friday, October 24, 1997","Wednesday, October 1, 1997",1,4.4,Du monde entier,67 rue des Cinquante Otages,Nantes,NULL,44000,France
10660,HUNGC,8,"Monday, September 8, 1997","Monday, October 6, 1997","Wednesday, October 15, 1997",1,111.29,Hungry Coyote Import Store,City Center Plaza 516 Main St.,Elgin,OR,97827,USA
10701,HUNGO,6,"Monday, October 13, 1997","Monday, October 27, 1997","Wednesday, October 15, 1997",3,220.31,Hungry Owl All-Night Grocers,8 Johnstown Road,Cork,Co. Cork,NULL,Ireland
10691,QUICK,2,"Friday, October 3, 1997","Friday, November 14, 1997","Wednesday, October 22, 1997",2,810.05,QUICK-Stop,Taucherstraße 10,Cunewalde,NULL,01307,Germany
10309,HUNGO,3,"Thursday, September 19, 1996","Thursday, October 17, 1996","Wednesday, October 23, 1996",1,47.3,Hungry Owl All-Night Grocers,8 Johnstown Road,Cork,Co. Cork,NULL,Ireland
10322,PERIC,7,"Friday, October 4, 1996","Friday, November 1, 1996","Wednesday, October 23, 1996",3,0.4,Pericles Comidas clásicas,Calle Dr. Jorge Cash 321,México D.F.,NULL,05033,Mexico
10329,SPLIR,4,"Tuesday, October 15, 1996","Tuesday, November 26, 1996","Wednesday, October 23, 1996",2,191.67,Split Rail Beer & Ale,P.O. Box 555,Lander,WY,82520,USA
10711,SAVEA,5,"Tuesday, October 21, 1997","Tuesday, December 2, 1997","Wednesday, October 29, 1997",2,52.41,Save-a-lot Markets,187 Suffolk Ln.,Boise,ID,83720,USA
10715,BONAP,3,"Thursday, October 23, 1997","Thursday, November 6, 1997","Wednesday, October 29, 1997",1,63.2,Bon app',12 rue des Bouchers,Marseille,NULL,13008,France
10717,FRANK,1,"Friday, October 24, 1997","Friday, November 21, 1997","Wednesday, October 29, 1997",2,59.25,Frankenversand,Berliner Platz 43,München,NULL,80805,Germany
10718,KOENE,1,"Monday, October 27, 1997","Monday, November 24, 1997","Wednesday, October 29, 1997",3,170.88,Königlich Essen,Maubelstr. 90,Brandenburg,NULL,14776,Germany
10686,PICCO,2,"Tuesday, September 30, 1997","Tuesday, October 28, 1997","Wednesday, October 8, 1997",1,96.5,Piccolo und mehr,Geislweg 14,Salzburg,NULL,5020,Austria
10302,SUPRD,4,"Tuesday, September 10, 1996","Tuesday, October 8, 1996","Wednesday, October 9, 1996",2,6.27,Suprêmes délices,Boulevard Tirou 255,Charleroi,NULL,B-6000,Belgium
10305,OLDWO,8,"Friday, September 13, 1996","Friday, October 11, 1996","Wednesday, October 9, 1996",3,257.62,Old World Delicatessen,2743 Bering St.,Anchorage,AK,99508,USA
10656,GREAL,6,"Thursday, September 4, 1997","Thursday, October 2, 1997","Wednesday, September 10, 1997",1,57.15,Great Lakes Food Market,2732 Baker Blvd.,Eugene,OR,97403,USA
10659,QUEEN,7,"Friday, September 5, 1997","Friday, October 3, 1997","Wednesday, September 10, 1997",2,105.81,Queen Cozinha,Alameda dos Canàrios 891,Sao Paulo,SP,05487-020,Brazil
10293,TORTU,1,"Thursday, August 29, 1996","Thursday, September 26, 1996","Wednesday, September 11, 1996",3,21.18,Tortuga Restaurante,Avda. Azteca 123,México D.F.,NULL,05033,Mexico
10296,LILAS,6,"Tuesday, September 3, 1996","Tuesday, October 1, 1996","Wednesday, September 11, 1996",1,0.12,LILA-Supermercado,Carrera 52 con Ave. Bolívar #65-98 Llano Largo,Barquisimeto,Lara,3508,Venezuela
10298,HUNGO,6,"Thursday, September 5, 1996","Thursday, October 3, 1996","Wednesday, September 11, 1996",2,168.22,Hungry Owl All-Night Grocers,8 Johnstown Road,Cork,Co. Cork,NULL,Ireland
10665,LONEP,1,"Thursday, September 11, 1997","Thursday, October 9, 1997","Wednesday, September 17, 1997",2,26.31,Lonesome Pine Restaurant,89 Chiaroscuro Rd.,Portland,OR,97219,USA
10300,MAGAA,2,"Monday, September 9, 1996","Monday, October 7, 1996","Wednesday, September 18, 1996",2,17.68,Magazzini Alimentari Riuniti,Via Ludovico il Moro 22,Bergamo,NULL,24100,Italy
10303,GODOS,7,"Wednesday, September 11, 1996","Wednesday, October 9, 1996","Wednesday, September 18, 1996",2,107.83,Godos Cocina Típica,C/ Romero 33,Sevilla,NULL,41101,Spain
10671,FRANR,1,"Wednesday, September 17, 1997","Wednesday, October 15, 1997","Wednesday, September 24, 1997",1,30.34,France restauration,54 rue Royale,Nantes,NULL,44000,France
10307,LONEP,2,"Tuesday, September 17, 1996","Tuesday, October 15, 1996","Wednesday, September 25, 1996",2,0.56,Lonesome Pine Restaurant,89 Chiaroscuro Rd.,Portland,OR,97219,USA
10646,HUNGO,9,"Wednesday, August 27, 1997","Wednesday, October 8, 1997","Wednesday, September 3, 1997",3,142.33,Hungry Owl All-Night Grocers,8 Johnstown Road,Cork,Co. Cork,NULL,Ireland
10647,QUEDE,4,"Wednesday, August 27, 1997","Wednesday, September 10, 1997","Wednesday, September 3, 1997",2,45.54,Que Delícia,Rua da Panificadora 12,Rio de Janeiro,RJ,02389-673,Brazil
10650,FAMIA,5,"Friday, August 29, 1997","Friday, September 26, 1997","Wednesday, September 3, 1997",3,176.81,Familia Arquibaldo,Rua Orós 92,Sao Paulo,SP,05442-030,Brazil
10291,QUEDE,6,"Tuesday, August 27, 1996","Tuesday, September 24, 1996","Wednesday, September 4, 1996",2,6.4,Que Delícia,Rua da Panificadora 12,Rio de Janeiro,RJ,02389-673,Brazil
